Date,"30-Year Mortgage Rate","Synthetic 10-2 Spread","T10Y2Y Spread"
1998-01-02,7.03,-0.53,0.08
1998-01-09,6.94,-0.2,0.23
1998-01-16,6.89,-0.43,0.19
1998-01-23,6.99,-0.4,0.28
1998-01-30,7.12,-0.17,0.21
1998-02-06,7.03,-0.32,0.24
1998-02-13,7.06,-0.27,0.13
1998-02-20,6.99,-0.39,0.13
1998-02-28,7.09,,
1998-03-06,7.19,-0.36,0.15
1998-03-13,7.16,-0.31,0.08
1998-03-20,7.08,-0.41,0.05
1998-03-27,7.08,-0.52,0.05
1998-04-03,7.15,-0.24,0.05
1998-04-10,7.09,,
1998-04-17,7.17,-0.34,0.05
1998-04-24,7.15,-0.43,0.06
1998-05-01,7.22,-0.34,0.08
1998-05-08,7.14,-0.44,0.10
1998-05-15,7.19,-0.41,0.05
1998-05-22,7.10,-0.5,0.01
1998-05-29,7.07,-0.43,0.03
1998-06-05,7.05,-0.5,0.00
1998-06-12,7.04,-0.36,0.00
1998-06-19,6.94,-0.55,-0.05
1998-06-26,6.96,-0.52,-0.05
1998-07-03,6.98,,
1998-07-10,6.91,-0.47,0.01
1998-07-17,6.94,-0.49,0.05
1998-07-24,6.96,-0.49,-0.03
1998-07-31,6.97,-0.49,0.01
1998-08-07,6.94,-0.37,0.06
1998-08-14,6.91,-0.4,0.06
1998-08-21,6.92,-0.3,0.07
1998-08-28,6.92,0.02,0.16
1998-09-04,6.82,-0.06,0.11
1998-09-11,6.77,0.12,0.17
1998-09-18,6.66,0.08,0.09
1998-09-25,6.64,0.24,0.17
1998-10-02,6.60,0.46,0.14
1998-10-09,6.49,0.33,0.58
1998-10-16,6.90,1.07,0.58
1998-10-23,6.73,0.56,0.50
1998-10-30,6.83,0.74,0.52
1998-11-06,6.89,0.33,0.34
1998-11-13,6.93,0.42,0.28
1998-11-20,6.86,0.23,0.16
1998-11-27,6.78,0.19,0.19
1998-12-04,6.71,0.28,0.16
1998-12-11,6.69,0.26,0.15
1998-12-18,6.69,0.27,0.13
1998-12-25,6.77,,
1998-12-31,6.83,0.32,0.11
1999-01-08,6.79,0.11,0.15
1999-01-15,6.83,0.3,0.10
1999-01-22,6.78,0.22,0.05
1999-01-29,6.74,0.19,0.08
1999-02-05,6.75,-0.02,0.14
1999-02-12,6.77,-0.11,0.15
1999-02-19,6.82,-0.1,0.12
1999-02-26,6.89,-0.21,0.16
1999-03-05,7.06,-0.05,0.20
1999-03-12,7.11,0.14,0.16
1999-03-19,7.01,0,0.13
1999-03-26,6.98,0.02,0.22
1999-04-02,6.98,0.050000000000001,0.24
1999-04-09,6.92,0.07,0.17
1999-04-16,6.87,-0.12,0.21
1999-04-23,6.88,-0.13,0.22
1999-04-30,6.93,-0.12,0.28
1999-05-07,7.02,-0.14,0.35
1999-05-14,7.10,-0.17,0.32
1999-05-21,7.23,-0.039999999999999,0.22
1999-05-28,7.23,-0.16,0.22
1999-06-04,7.41,-0.12,0.26
1999-06-11,7.51,-0.16,0.32
1999-06-18,7.65,0.12,0.28
1999-06-25,7.63,-0.07,0.29
1999-07-02,7.71,0.16,0.24
1999-07-09,7.65,0.07,0.23
1999-07-16,7.58,0.11,0.18
1999-07-23,7.52,-0.03,0.26
1999-07-30,7.70,0.1,0.29
1999-08-06,7.89,0.23,0.33
1999-08-13,8.15,0.47,0.27
1999-08-20,7.93,0.31,0.23
1999-08-27,7.80,0.18,0.20
1999-09-03,7.83,0.22,0.25
1999-09-10,7.88,0.27,0.25
1999-09-17,7.82,0.22,0.24
1999-09-24,7.76,0.24,0.20
1999-10-01,7.70,0,0.27
1999-10-08,7.82,0.050000000000001,0.24
1999-10-15,7.85,0.06,0.27
1999-10-22,7.93,0,0.25
1999-10-29,7.96,0.2,0.23
1999-11-05,7.84,0.15,0.20
1999-11-12,7.67,-0.08,0.15
1999-11-19,7.69,-0.2,0.15
1999-11-26,7.75,-0.21,0.13
1999-12-03,7.84,-0.12,0.18
1999-12-10,7.84,-0.06,0.15
1999-12-17,7.86,-0.26,0.15
1999-12-24,7.96,,
1999-12-31,8.06,-0.15,0.21
2000-01-07,8.15,-0.13,0.21
2000-01-14,8.18,-0.23,0.25
2000-01-21,8.26,-0.19,0.31
2000-01-28,8.25,-0.3,0.08
2000-02-04,8.25,-0.35,-0.10
2000-02-11,8.36,-0.26,-0.02
2000-02-18,8.38,-0.25,-0.17
2000-02-25,8.31,-0.11,-0.09
2000-03-03,8.27,-0.2,-0.11
2000-03-10,8.23,-0.29,-0.16
2000-03-17,8.24,-0.23,-0.30
2000-03-24,8.23,-0.38,-0.44
2000-03-31,8.23,-0.24,-0.47
2000-04-07,8.20,-0.15,-0.52
2000-04-14,8.12,-0.12,-0.42
2000-04-21,8.16,,
2000-04-28,8.13,-0.52,-0.45
2000-05-05,8.28,-0.53,-0.33
2000-05-12,8.52,-0.36,-0.40
2000-05-19,8.64,-0.19,-0.35
2000-05-26,8.62,-0.040000000000001,-0.36
2000-06-02,8.54,0.05,-0.37
2000-06-09,8.32,-0.21,-0.43
2000-06-16,8.22,-0.13,-0.39
2000-06-23,8.14,-0.38,-0.36
2000-06-30,8.22,-0.13,-0.35
2000-07-07,8.16,-0.1,-0.28
2000-07-14,8.09,-0.29,-0.31
2000-07-21,8.21,-0.079999999999999,-0.31
2000-07-28,8.13,-0.14,-0.26
2000-08-04,8.12,-8.8817841970013E-16,-0.24
2000-08-11,8.04,-0.18,-0.46
2000-08-18,7.96,-0.28,-0.49
2000-08-25,7.99,-0.17,-0.46
2000-09-01,7.96,-0.1,-0.41
2000-09-08,7.94,-0.14,-0.38
2000-09-15,7.88,-0.16,-0.23
2000-09-22,7.90,-0.16,-0.24
2000-09-29,7.88,-0.07,-0.18
2000-10-06,7.83,-0.12,-0.16
2000-10-13,7.84,0.03,-0.11
2000-10-20,7.83,0.02,-0.20
2000-10-27,7.68,-0.23,-0.22
2000-11-03,7.73,-0.18,-0.11
2000-11-10,7.79,-0.1,-0.10
2000-11-17,7.73,-0.12,-0.17
2000-11-24,7.73,-0.1,-0.23
2000-12-01,7.65,0.06,-0.10
2000-12-08,7.54,0.07,-0.15
2000-12-15,7.42,0.07,-0.18
2000-12-22,7.17,0.1,-0.08
2000-12-29,7.13,0.05,0.01
2001-01-05,7.07,0.54,0.37
2001-01-12,6.89,0.02,0.35
2001-01-19,7.02,0.3,0.44
2001-01-26,7.15,0.4,0.51
2001-02-02,7.09,0.47,0.52
2001-02-09,6.98,0.34,0.36
2001-02-16,7.01,0.29,0.36
2001-02-23,7.12,0.62,0.57
2001-03-02,7.03,0.58,0.47
2001-03-09,6.97,0.53,0.48
2001-03-16,6.96,0.73,0.52
2001-03-23,6.89,0.68,0.56
2001-03-30,6.91,0.76,0.75
2001-04-06,7.01,0.97,0.82
2001-04-13,7.04,,
2001-04-20,7.14,0.91,1.03
2001-04-27,7.12,0.87,1.06
2001-05-04,7.14,1.03,1.07
2001-05-11,7.10,0.77,1.15
2001-05-18,7.14,0.8,1.04
2001-05-25,7.20,0.92,1.21
2001-06-01,7.24,1.05,1.17
2001-06-08,7.20,1.06,1.21
2001-06-15,7.14,1.16,1.26
2001-06-22,7.11,1.21,1.21
2001-06-29,7.11,0.89,1.17
2001-07-06,7.19,1.06,1.25
2001-07-13,7.21,1.12,1.15
2001-07-20,7.08,1.13,1.17
2001-07-27,7.03,1.19,1.26
2001-08-03,7.00,1.12,1.29
2001-08-10,7.00,1.3,1.26
2001-08-17,6.92,1.28,1.17
2001-08-24,6.91,1.18,1.17
2001-08-31,6.92,1.31,1.21
2001-09-07,6.89,1.39,1.27
2001-09-14,6.86,2.02,1.70
2001-09-21,6.80,1.92,1.79
2001-09-28,6.72,1.89,1.74
2001-10-05,6.64,1.96,1.81
2001-10-12,6.58,1.8,1.87
2001-10-19,6.61,1.87,1.86
2001-10-26,6.64,2.04,1.90
2001-11-02,6.56,2.11,1.89
2001-11-09,6.45,2.03,1.89
2001-11-16,6.51,1.45,1.82
2001-11-23,6.75,1.58,1.84
2001-11-30,7.02,2.21,1.94
2001-12-07,6.84,1.68,2.01
2001-12-14,7.09,1.92,2.04
2001-12-21,7.17,2.03,1.95
2001-12-28,7.16,2.03,1.99
2002-01-04,7.14,1.98,1.99
2002-01-11,7.06,2.33,2.16
2002-01-18,6.83,1.95,2.03
2002-01-25,6.96,1.82,1.93
2002-02-01,7.02,1.97,1.94
2002-02-08,6.88,1.96,1.95
2002-02-15,6.86,1.92,1.89
2002-02-22,6.81,1.87,1.87
2002-03-01,6.80,1.65,1.80
2002-03-08,6.87,1.3,1.73
2002-03-15,7.08,1.48,1.72
2002-03-22,7.14,1.4,1.63
2002-03-29,7.18,,
2002-04-05,7.13,1.67,1.73
2002-04-12,6.99,1.61,1.77
2002-04-19,6.94,1.61,1.85
2002-04-26,6.88,1.69,1.86
2002-05-03,6.78,1.64,1.91
2002-05-10,6.79,1.63,1.96
2002-05-17,6.89,1.51,1.86
2002-05-24,6.81,1.56,1.88
2002-05-31,6.76,1.57,1.86
2002-06-07,6.71,1.58,1.94
2002-06-14,6.71,1.82,1.91
2002-06-21,6.63,1.78,1.91
2002-06-28,6.55,1.68,1.96
2002-07-05,6.57,1.7,2.00
2002-07-12,6.54,2.01,2.07
2002-07-19,6.49,2.04,2.13
2002-07-26,6.34,2.17,2.23
2002-08-02,6.43,2.47,2.34
2002-08-09,6.31,2.24,2.17
2002-08-16,6.22,1.97,2.04
2002-08-23,6.27,2.11,2.06
2002-08-30,6.22,2.11,2.00
2002-09-06,6.15,2.1,1.97
2002-09-13,6.18,2.14,1.85
2002-09-20,6.05,2.14,1.85
2002-09-27,5.99,2.2,1.87
2002-10-04,6.01,2.26,1.91
2002-10-11,5.98,2.16,1.98
2002-10-18,6.15,2.09,2.05
2002-10-25,6.31,2.36,2.14
2002-11-01,6.13,2.4,2.25
2002-11-08,6.11,2.27,1.98
2002-11-15,5.94,2.06,2.14
2002-11-22,6.03,1.96,2.08
2002-11-29,6.13,2.08,2.14
2002-12-06,6.19,2.33,2.20
2002-12-13,6.04,2.2,2.20
2002-12-20,6.03,2.3,2.21
2002-12-27,5.93,2.36,2.23
2003-01-03,5.85,2.09,2.26
2003-01-10,5.95,2.19,2.37
2003-01-17,5.97,2.3,2.35
2003-01-24,5.91,2.28,2.28
2003-01-31,5.90,2.21,2.28
2003-02-07,5.88,2.28,2.33
2003-02-14,5.86,2.27,2.33
2003-02-21,5.84,2.24,2.27
2003-02-28,5.79,2.29,2.18
2003-03-07,5.67,2.31,2.24
2003-03-14,5.61,2.08,2.16
2003-03-21,5.79,2.02,2.31
2003-03-28,5.91,2.38,2.36
2003-04-04,5.79,2.27,2.41
2003-04-11,5.85,2.23,2.35
2003-04-18,5.82,,
2003-04-25,5.79,2.25,2.34
2003-05-02,5.70,2.17,2.38
2003-05-09,5.62,2.2,2.24
2003-05-16,5.45,2.1,2.08
2003-05-23,5.34,1.99,1.96
2003-05-30,5.31,2.01,2.04
2003-06-06,5.26,2.02,2.10
2003-06-13,5.21,2.14,2.03
2003-06-20,5.21,2.02,2.18
2003-06-27,5.24,1.89,2.20
2003-07-04,5.40,,
2003-07-11,5.52,2.26,2.37
2003-07-18,5.67,2.19,2.49
2003-07-25,5.94,2.45,2.70
2003-08-01,6.14,2.32,2.59
2003-08-08,6.34,2.65,2.55
2003-08-15,6.24,2.42,2.70
2003-08-22,6.28,2.34,2.51
2003-08-29,6.32,2.4,2.50
2003-09-05,6.44,2.75,2.63
2003-09-12,6.16,2.53,2.61
2003-09-19,6.01,2.34,2.47
2003-09-26,5.98,2.41,2.44
2003-10-03,5.77,2.15,2.56
2003-10-10,5.95,2.33,2.64
2003-10-17,6.05,2.18,2.51
2003-10-24,6.05,2.32,2.48
2003-10-31,5.94,2.12,2.48
2003-11-07,5.98,1.97,2.44
2003-11-14,6.03,2.22,2.38
2003-11-21,5.83,2.02,2.31
2003-11-28,5.89,1.86,2.28
2003-12-05,6.02,2.17,2.35
2003-12-12,5.88,2.07,2.42
2003-12-19,5.82,2.03,2.33
2003-12-26,5.81,2.02,2.35
2003-12-31,5.85,2.04,2.43
2004-01-08,5.87,2.05,2.42
2004-01-15,5.66,2.02,2.32
2004-01-22,5.64,2.01,2.33
2004-01-29,5.68,1.83,2.34
2004-02-05,5.72,1.9,2.35
2004-02-12,5.66,1.94,2.35
2004-02-19,5.58,1.91,2.35
2004-02-26,5.58,1.92,2.36
2004-03-04,5.59,1.89,2.31
2004-03-11,5.41,1.92,2.22
2004-03-18,5.38,1.86,2.21
2004-03-25,5.40,1.92,2.24
2004-04-01,5.52,1.9,2.26
2004-04-08,5.79,1.94,2.33
2004-04-15,5.89,1.82,2.32
2004-04-22,5.94,1.82,2.25
2004-04-29,6.01,1.7,2.21
2004-05-06,6.12,1.76,2.24
2004-05-13,6.34,1.7,2.18
2004-05-20,6.30,1.78,2.17
2004-05-27,6.32,1.89,2.14
2004-06-03,6.28,1.68,2.08
2004-06-10,6.30,1.52,2.00
2004-06-17,6.32,1.54,1.90
2004-06-24,6.25,1.54,1.92
2004-07-01,6.21,1.6,1.93
2004-07-08,6.01,1.49,1.94
2004-07-15,6.00,1.39,1.86
2004-07-22,5.98,1.32,1.79
2004-07-29,6.08,1.36,1.85
2004-08-05,5.99,1.38,1.79
2004-08-12,5.85,1.36,1.75
2004-08-19,5.81,1.41,1.79
2004-08-26,5.82,1.37,1.74
2004-09-02,5.77,1.34,1.74
2004-09-09,5.83,1.36,1.72
2004-09-16,5.75,1.34,1.64
2004-09-23,5.70,1.16,1.45
2004-09-30,5.72,1.12,1.51
2004-10-07,5.82,1.13,1.54
2004-10-14,5.74,1.29,1.55
2004-10-21,5.69,1.15,1.44
2004-10-28,5.64,1.08,1.50
2004-11-04,5.70,1.1,1.47
2004-11-11,5.76,,
2004-11-18,5.74,0.91,1.26
2004-11-24,5.72,0.74,1.19
2004-12-02,5.81,0.8,1.36
2004-12-09,5.71,0.81,1.26
2004-12-16,5.68,0.7,1.18
2004-12-22,5.75,0.74,1.17
2004-12-29,5.81,0.72,1.21
2005-01-06,5.77,0.62,1.11
2005-01-13,5.74,0.56,0.99
2005-01-20,5.67,0.49,0.96
2005-01-27,5.66,0.41,0.94
2005-02-03,5.63,0.32,0.84
2005-02-10,5.57,0.31,0.78
2005-02-17,5.62,0.27,0.81
2005-02-24,5.69,0.2,0.77
2005-03-03,5.79,0.23,0.80
2005-03-10,5.85,0.2,0.80
2005-03-17,5.95,0.28,0.77
2005-03-24,6.01,0.16,0.72
2005-03-31,6.04,0.27,0.70
2005-04-07,5.93,0.24,0.77
2005-04-14,5.91,0.34,0.77
2005-04-21,5.80,0.18,0.67
2005-04-28,5.78,0.22,0.60
2005-05-05,5.75,0.2,0.61
2005-05-12,5.77,0.14,0.52
2005-05-19,5.71,0.1,0.47
2005-05-26,5.65,0.04,0.44
2005-06-02,5.62,0.13,0.37
2005-06-09,5.56,-0.05,0.34
2005-06-16,5.63,-0.04,0.39
2005-06-23,5.57,-0.029999999999999,0.33
2005-06-30,5.53,-0.1,0.28
2005-07-07,5.62,-0.06,0.34
2005-07-14,5.66,-0.17,0.33
2005-07-21,5.73,-0.2,0.32
2005-07-28,5.77,-0.16,0.24
2005-08-04,5.82,-0.19,0.28
2005-08-11,5.89,-0.18,0.22
2005-08-18,5.80,-0.18,0.20
2005-08-25,5.77,-0.2,0.18
2005-09-01,5.71,0.02,0.30
2005-09-08,5.71,-0.13,0.28
2005-09-15,5.74,-0.13,0.32
2005-09-22,5.80,-0.12,0.24
2005-09-29,5.91,-0.19,0.16
2005-10-06,5.98,-0.19,0.17
2005-10-13,6.03,-0.18,0.24
2005-10-20,6.10,-0.14,0.19
2005-10-27,6.15,-0.18,0.21
2005-11-03,6.31,-0.13,0.18
2005-11-10,6.36,-0.05,0.11
2005-11-17,6.37,0.03,0.09
2005-11-23,6.28,-0.05,0.11
2005-12-01,6.26,-0.16,0.07
2005-12-08,6.32,-0.02,0.10
2005-12-15,6.30,-0.04,0.10
2005-12-22,6.26,-0.11,0.04
2005-12-29,6.22,-0.13,-0.01
2006-01-05,6.21,-0.08,0.04
2006-01-12,6.15,-0.21,0.03
2006-01-19,6.10,-0.24,0.01
2006-01-26,6.12,-0.34,0.04
2006-02-02,6.23,-0.33,-0.02
2006-02-09,6.24,-0.39,-0.12
2006-02-16,6.28,-0.38,-0.10
2006-02-23,6.26,-0.43,-0.16
2006-03-02,6.24,-0.45,-0.08
2006-03-09,6.37,-0.32,0.02
2006-03-16,6.34,-0.25,0.03
2006-03-23,6.32,-0.42,-0.04
2006-03-30,6.35,-0.46,0.02
2006-04-06,6.43,-0.38,0.06
2006-04-13,6.49,-0.44,0.09
2006-04-20,6.53,-0.33,0.15
2006-04-27,6.58,-0.3,0.18
2006-05-04,6.59,-0.35,0.19
2006-05-11,6.58,-0.38,0.15
2006-05-18,6.60,-0.31,0.14
2006-05-25,6.62,-0.33,0.09
2006-06-01,6.67,-0.34,0.07
2006-06-08,6.62,-0.36,-0.01
2006-06-15,6.63,-0.48,-0.04
2006-06-22,6.71,-0.49,-0.03
2006-06-29,6.78,-0.4,0.01
2006-07-06,6.79,-0.4,-0.03
2006-07-13,6.74,-0.35,-0.04
2006-07-20,6.80,-0.23,-0.03
2006-07-27,6.72,-0.32,0.00
2006-08-03,6.63,-0.32,-0.02
2006-08-10,6.55,-0.35,0.00
2006-08-17,6.52,-0.34,-0.02
2006-08-24,6.48,-0.37,-0.07
2006-08-31,6.44,-0.32,-0.05
2006-09-07,6.47,-0.32,-0.02
2006-09-14,6.43,-0.37,-0.04
2006-09-21,6.40,-0.28,-0.06
2006-09-28,6.31,-0.34,-0.05
2006-10-05,6.30,-0.32,-0.04
2006-10-12,6.37,-0.45,-0.06
2006-10-19,6.36,-0.46,-0.06
2006-10-26,6.40,-0.38,-0.08
2006-11-02,6.31,-0.33,-0.07
2006-11-09,6.33,-0.39,-0.13
2006-11-16,6.24,-0.58,-0.19
2006-11-22,6.18,-0.53,-0.17
2006-11-30,6.14,-0.45,-0.16
2006-12-07,6.11,-0.44,-0.09
2006-12-14,6.12,-0.58,-0.13
2006-12-21,6.13,-0.5,-0.11
2006-12-28,6.18,-0.61,-0.12
2007-01-04,6.18,-0.5,-0.09
2007-01-11,6.21,-0.62,-0.12
2007-01-18,6.23,-0.63,-0.14
2007-01-25,6.25,-0.7,-0.11
2007-02-01,6.34,-0.59,-0.12
2007-02-08,6.28,-0.56,-0.14
2007-02-15,6.30,-0.5,-0.13
2007-02-22,6.22,-0.62,-0.14
2007-03-01,6.18,-0.42,-0.07
2007-03-08,6.14,-0.39,-0.05
2007-03-15,6.14,-0.4,-0.03
2007-03-22,6.16,-0.39,0.02
2007-03-29,6.16,-0.39,0.06
2007-04-05,6.17,-0.43,0.05
2007-04-12,6.22,-0.48,0.01
2007-04-19,6.17,-0.44,0.04
2007-04-26,6.16,-0.48,0.02
2007-05-03,6.16,-0.52,-0.03
2007-05-10,6.15,-0.52,-0.05
2007-05-17,6.21,-0.54,-0.02
2007-05-24,6.37,-0.45,0.01
2007-05-31,6.42,-0.47,-0.02
2007-06-07,6.53,-0.47,0.08
2007-06-14,6.74,-0.33,0.13
2007-06-21,6.69,-0.26,0.18
2007-06-28,6.67,-0.26,0.16
2007-07-05,6.63,-0.33,0.17
2007-07-12,6.73,-0.18,0.19
2007-07-19,6.73,-0.11,0.17
2007-07-26,6.69,0.16,0.23
2007-08-02,6.68,0.12,0.18
2007-08-09,6.59,0.13,0.30
2007-08-16,6.62,0.57,0.52
2007-08-23,6.52,0.35,0.42
2007-08-30,6.45,0.4,0.43
2007-09-06,6.46,0.41,0.43
2007-09-13,6.31,0.26,0.41
2007-09-20,6.34,0.27,0.59
2007-09-27,6.42,0.5,0.63
2007-10-04,6.37,0.4,0.54
2007-10-11,6.40,0.3,0.53
2007-10-18,6.40,0.5,0.59
2007-10-25,6.33,0.62,0.63
2007-11-01,6.26,0.52,0.59
2007-11-08,6.24,0.8,0.81
2007-11-15,6.24,0.92,0.82
2007-11-21,6.20,1.24,1.01
2007-11-29,6.10,1.07,0.88
2007-12-06,5.96,0.96,0.99
2007-12-13,6.11,0.93,0.97
2007-12-20,6.14,1.08,0.95
2007-12-27,6.17,0.96,0.97
2008-01-03,6.07,1.27,1.08
2008-01-10,5.87,1.19,1.20
2008-01-17,5.69,1.28,1.22
2008-01-24,5.48,1.26,1.43
2008-01-31,5.68,1.54,1.50
2008-02-07,5.67,1.71,1.75
2008-02-14,5.72,1.82,1.92
2008-02-21,6.04,2.09,1.79
2008-02-28,6.24,2.4,1.84
2008-03-06,6.03,2.53,2.09
2008-03-13,6.13,2.53,1.93
2008-03-20,5.87,2.31,1.75
2008-03-27,5.85,2.15,1.83
2008-04-03,5.88,2,1.70
2008-04-10,5.88,2.07,1.71
2008-04-17,5.88,1.78,1.62
2008-04-24,6.03,1.65,1.46
2008-05-01,6.06,1.72,1.41
2008-05-08,6.05,1.83,1.54
2008-05-15,6.01,1.59,1.38
2008-05-22,5.98,1.45,1.36
2008-05-29,6.08,1.44,1.41
2008-06-05,6.09,1.6,1.54
2008-06-12,6.32,1.32,1.20
2008-06-19,6.42,1.46,1.23
2008-06-26,6.45,1.8,1.39
2008-07-03,6.35,1.84,1.45
2008-07-10,6.37,1.96,1.39
2008-07-17,6.26,1.71,1.49
2008-07-24,6.63,2.05,1.42
2008-07-31,6.52,2.03,1.47
2008-08-07,6.52,2.12,1.49
2008-08-14,6.52,2.1,1.44
2008-08-21,6.47,2.17,1.51
2008-08-28,6.40,2.06,1.42
2008-09-04,6.35,2.18,1.44
2008-09-11,5.93,1.78,1.46
2008-09-18,5.78,2.03,1.76
2008-09-25,6.09,1.96,1.72
2008-10-02,6.10,2.51,2.04
2008-10-09,5.94,2.32,2.19
2008-10-16,6.46,2.88,2.38
2008-10-23,6.04,2.53,2.09
2008-10-30,6.46,2.9,2.41
2008-11-06,6.20,2.95,2.47
2008-11-13,6.14,2.93,2.60
2008-11-20,6.04,3.07,2.10
2008-11-26,5.97,2.91,1.90
2008-12-04,5.53,2.74,1.73
2008-12-11,5.47,2.71,1.85
2008-12-18,5.19,2.54,1.40
2008-12-24,5.14,2.27,1.30
2008-12-31,5.10,2.37,1.49
2009-01-08,5.01,2.21,1.64
2009-01-15,4.96,2.26,1.50
2009-01-22,5.12,2.4,1.87
2009-01-29,5.10,2.18,1.92
2009-02-05,5.25,2.3,1.97
2009-02-12,5.16,2.3,1.86
2009-02-19,5.04,2.06,1.84
2009-02-26,5.07,2.02,1.90
2009-03-05,5.15,2.28,1.93
2009-03-12,5.03,2.03,1.86
2009-03-19,4.98,2.14,1.74
2009-03-26,4.85,1.98,1.86
2009-04-02,4.78,1.93,1.89
2009-04-09,4.87,1.94,2.00
2009-04-16,4.82,1.94,1.95
2009-04-23,4.80,1.86,1.99
2009-04-30,4.78,1.9,2.25
2009-05-07,4.84,1.87,2.29
2009-05-14,4.86,2.02,2.23
2009-05-21,4.82,1.96,2.46
2009-05-28,4.91,1.97,2.70
2009-06-04,5.29,2.36,2.76
2009-06-11,5.59,2.27,2.53
2009-06-18,5.38,2.13,2.58
2009-06-25,5.42,2.33,2.43
2009-07-02,5.32,2.37,2.53
2009-07-09,5.20,2.29,2.50
2009-07-16,5.14,2.17,2.59
2009-07-23,5.20,2.15,2.64
2009-07-30,5.25,2.09,2.48
2009-08-06,5.22,2.03,2.57
2009-08-13,5.29,2.2,2.47
2009-08-20,5.12,2.12,2.39
2009-08-27,5.14,2.13,2.43
2009-09-03,5.08,2.2,2.42
2009-09-10,5.07,2.2,2.46
2009-09-17,5.04,2.09,2.44
2009-09-24,5.04,2.14,2.47
2009-10-01,4.94,2.1,2.34
2009-10-08,4.87,2,2.37
2009-10-15,4.92,1.98,2.52
2009-10-22,5.00,2.06,2.47
2009-10-29,5.03,2.08,2.55
2009-11-05,4.98,2.11,2.67
2009-11-12,4.91,2.12,2.63
2009-11-19,4.83,2.13,2.62
2009-11-25,4.78,2.08,2.55
2009-12-03,4.71,2,2.65
2009-12-10,4.81,2.06,2.71
2009-12-17,4.94,2.2,2.73
2009-12-24,5.05,2.08,2.82
2009-12-31,5.14,2.03,2.71
2010-01-07,5.09,2.09,2.82
2010-01-14,5.06,2.15,2.82
2010-01-21,4.99,2.15,2.75
2010-01-28,4.98,2.14,2.81
2010-02-04,5.01,2.24,2.82
2010-02-11,4.97,2.09,2.82
2010-02-18,4.93,2.06,2.89
2010-02-25,5.05,2.26,2.82
2010-03-04,4.97,2.14,2.75
2010-03-11,4.95,2.01,2.76
2010-03-18,4.96,2.01,2.70
2010-03-25,4.99,1.92,2.81
2010-04-01,5.08,2.06,2.84
2010-04-08,5.21,2.15,2.82
2010-04-15,5.07,2.06,2.82
2010-04-22,5.07,2.03,2.73
2010-04-29,5.06,2.08,2.75
2010-05-06,5.00,2.28,2.66
2010-05-13,4.93,2.09,2.68
2010-05-20,4.84,2.11,2.49
2010-05-27,4.78,1.94,2.47
2010-06-03,4.79,2,2.57
2010-06-10,4.72,1.96,2.54
2010-06-17,4.75,2.06,2.49
2010-06-24,4.69,2.05,2.47
2010-07-01,4.58,1.98,2.33
2010-07-08,4.57,1.97,2.41
2010-07-15,4.57,1.99,2.39
2010-07-22,4.56,1.99,2.36
2010-07-29,4.54,1.98,2.44
2010-08-05,4.49,1.99,2.41
2010-08-12,4.44,1.92,2.19
2010-08-19,4.42,1.96,2.09
2010-08-26,4.36,1.88,1.99
2010-09-02,4.32,1.85,2.13
2010-09-09,4.35,1.81,2.20
2010-09-16,4.37,1.92,2.29
2010-09-23,4.37,1.95,2.11
2010-09-30,4.32,1.93,2.11
2010-10-07,4.27,1.94,2.05
2010-10-14,4.19,1.84,2.14
2010-10-21,4.21,1.87,2.20
2010-10-28,4.23,1.89,2.32
2010-11-04,4.24,1.94,2.20
2010-11-11,4.17,,
2010-11-18,4.39,1.9,2.38
2010-11-24,4.40,1.9,2.40
2010-12-02,4.46,1.94,2.46
2010-12-09,4.61,2,2.59
2010-12-16,4.83,2.2,2.81
2010-12-23,4.81,2.17,2.74
2010-12-30,4.86,2.23,2.72
2011-01-06,4.77,2.12,2.76
2011-01-13,4.71,2.15,2.75
2011-01-20,4.74,2.12,2.82
2011-01-27,4.80,2.24,2.83
2011-02-03,4.81,2.13,2.87
2011-02-10,5.05,2.23,2.85
2011-02-17,5.00,2.23,2.78
2011-02-24,4.95,2.25,2.73
2011-03-03,4.87,2.11,2.79
2011-03-10,4.88,2.26,2.72
2011-03-17,4.76,2.19,2.65
2011-03-24,4.81,2.12,2.70
2011-03-31,4.86,2.09,2.67
2011-04-07,4.87,2.09,2.77
2011-04-14,4.91,2.17,2.74
2011-04-21,4.80,2.15,2.74
2011-04-28,4.78,2.19,2.72
2011-05-05,4.71,2.16,2.60
2011-05-12,4.63,2.09,2.65
2011-05-19,4.61,2.09,2.62
2011-05-26,4.60,2.15,2.59
2011-06-02,4.55,2.13,2.59
2011-06-09,4.49,2.09,2.58
2011-06-16,4.50,2.15,2.55
2011-06-23,4.50,2.18,2.58
2011-06-30,4.51,2.09,2.73
2011-07-07,4.60,2.14,2.68
2011-07-14,4.51,2.16,2.60
2011-07-21,4.52,2.15,2.63
2011-07-28,4.55,2.16,2.56
2011-08-04,4.39,2.15,2.20
2011-08-11,4.32,2.16,2.15
2011-08-18,4.15,1.98,1.88
2011-08-25,4.22,2.03,2.01
2011-09-01,4.22,2.06,1.96
2011-09-08,4.12,1.96,1.81
2011-09-15,4.09,1.91,1.88
2011-09-22,4.09,1.92,1.52
2011-09-29,4.01,1.77,1.72
2011-10-06,3.94,1.68,1.72
2011-10-13,4.12,1.86,1.90
2011-10-20,4.11,1.86,1.92
2011-10-27,4.10,1.82,2.11
2011-11-03,4.00,1.79,1.85
2011-11-10,3.99,1.78,1.80
2011-11-17,4.00,1.76,1.69
2011-11-23,3.98,1.75,1.63
2011-12-01,4.00,1.76,1.84
2011-12-08,3.99,1.8,1.77
2011-12-15,3.94,1.71,1.66
2011-12-22,3.91,1.66,1.69
2011-12-29,3.95,1.7,1.63
2012-01-05,3.91,1.67,1.75
2012-01-12,3.89,1.7,1.72
2012-01-19,3.88,1.65,1.75
2012-01-26,3.98,1.79,1.74
2012-02-02,3.87,1.67,1.63
2012-02-09,3.87,1.63,1.77
2012-02-16,3.87,1.61,1.70
2012-02-23,3.95,1.67,1.68
2012-03-01,3.90,1.63,1.73
2012-03-08,3.88,1.59,1.71
2012-03-15,3.92,1.58,1.92
2012-03-22,4.08,1.74,1.92
2012-03-29,3.99,1.69,1.85
2012-04-05,3.98,1.66,1.84
2012-04-12,3.88,1.62,1.79
2012-04-19,3.90,1.66,1.71
2012-04-26,3.88,1.65,1.72
2012-05-03,3.84,1.59,1.68
2012-05-10,3.83,1.59,1.62
2012-05-17,3.79,1.5,1.38
2012-05-24,3.78,1.52,1.48
2012-05-31,3.75,1.51,1.32
2012-06-07,3.67,1.43,1.39
2012-06-14,3.71,1.44,1.34
2012-06-21,3.66,1.37,1.31
2012-06-28,3.66,1.38,1.29
2012-07-05,3.62,1.37,1.34
2012-07-12,3.56,1.34,1.25
2012-07-19,3.53,1.34,1.32
2012-07-26,3.49,1.29,1.22
2012-08-02,3.55,1.34,1.27
2012-08-09,3.59,1.33,1.40
2012-08-16,3.62,1.36,1.54
2012-08-23,3.66,1.43,1.42
2012-08-30,3.59,1.35,1.36
2012-09-06,3.55,1.31,1.41
2012-09-13,3.55,1.34,1.51
2012-09-20,3.49,1.25,1.53
2012-09-27,3.40,1.18,1.41
2012-10-04,3.36,1.16,1.47
2012-10-11,3.39,1.14,1.42
2012-10-18,3.37,1.11,1.57
2012-10-25,3.41,1.13,1.55
2012-11-01,3.39,1.12,1.45
2012-11-08,3.40,1.16,1.35
2012-11-15,3.34,1.13,1.34
2012-11-21,3.31,1.07,1.42
2012-11-29,3.32,1.1,1.37
2012-12-06,3.34,1.12,1.34
2012-12-13,3.32,1.08,1.47
2012-12-20,3.37,1.12,1.53
2012-12-27,3.35,1.12,1.48
2013-01-03,3.34,1.1,1.65
2013-01-10,3.40,1.17,1.65
2013-01-17,3.38,1.13,1.61
2013-01-24,3.42,1.22,1.65
2013-01-31,3.53,1.29,1.75
2013-02-07,3.53,1.31,1.74
2013-02-14,3.53,1.29,1.73
2013-02-21,3.56,1.33,1.73
2013-02-28,3.51,1.29,1.64
2013-03-07,3.52,1.3,1.75
2013-03-14,3.63,1.39,1.77
2013-03-21,3.54,1.3,1.68
2013-03-28,3.57,1.35,1.62
2013-04-04,3.54,1.35,1.56
2013-04-11,3.43,1.22,1.58
2013-04-18,3.41,1.2,1.48
2013-04-25,3.40,1.2,1.51
2013-05-02,3.35,1.18,1.46
2013-05-09,3.42,1.23,1.59
2013-05-16,3.51,1.31,1.64
2013-05-23,3.59,1.36,1.76
2013-05-30,3.81,1.53,1.82
2013-06-06,3.91,1.64,1.78
2013-06-13,3.98,1.69,1.87
2013-06-20,3.93,1.63,2.08
2013-06-27,4.46,2.13,2.13
2013-07-03,4.29,1.96,2.16
2013-07-11,4.51,2.2,2.26
2013-07-18,4.37,2.08,2.24
2013-07-25,4.31,2.02,2.29
2013-08-01,4.39,2.07,2.39
2013-08-08,4.40,2.13,2.28
2013-08-15,4.40,2.07,2.41
2013-08-22,4.58,2.19,2.48
2013-08-29,4.51,2.15,2.36
2013-09-05,4.57,2.08,2.46
2013-09-12,4.57,2.15,2.47
2013-09-19,4.50,2.19,2.42
2013-09-26,4.32,2.01,2.32
2013-10-03,4.22,1.92,2.29
2013-10-10,4.23,1.91,2.36
2013-10-17,4.28,1.98,2.28
2013-10-24,4.13,1.83,2.20
2013-10-31,4.10,1.82,2.26
2013-11-07,4.16,1.9,2.34
2013-11-14,4.35,2.09,2.40
2013-11-21,4.22,1.96,2.50
2013-11-27,4.29,2.04,2.46
2013-12-05,4.46,2.19,2.58
2013-12-12,4.42,2.11,2.55
2013-12-19,4.47,2.15,2.59
2013-12-26,4.48,2.09,2.58
2014-01-02,4.53,2.17,2.61
2014-01-09,4.51,2.1,2.53
2014-01-16,4.41,2.03,2.45
2014-01-23,4.39,2.03,2.40
2014-01-30,4.32,1.99,2.36
2014-02-06,4.23,1.93,2.40
2014-02-13,4.28,1.99,2.41
2014-02-20,4.33,2.02,2.42
2014-02-27,4.37,2.07,2.32
2014-03-06,4.28,1.94,2.37
2014-03-13,4.37,2.06,2.32
2014-03-20,4.32,1.9,2.34
2014-03-27,4.40,1.98,2.24
2014-04-03,4.41,1.98,2.34
2014-04-10,4.34,2,2.28
2014-04-17,4.27,1.87,2.30
2014-04-24,4.33,1.93,2.27
2014-05-01,4.29,1.91,2.22
2014-05-08,4.21,1.84,2.21
2014-05-15,4.20,1.85,2.12
2014-05-22,4.14,1.8,2.19
2014-05-29,4.12,1.78,2.08
2014-06-05,4.14,1.77,2.19
2014-06-12,4.20,1.81,2.16
2014-06-19,4.17,1.72,2.16
2014-06-26,4.14,1.71,2.07
2014-07-03,4.12,1.63,2.13
2014-07-10,4.15,1.72,2.09
2014-07-17,4.13,1.69,2.00
2014-07-24,4.13,1.63,1.99
2014-07-31,4.12,1.62,2.05
2014-08-07,4.14,1.73,1.99
2014-08-14,4.12,1.73,1.98
2014-08-21,4.10,1.64,1.92
2014-08-28,4.10,1.63,1.84
2014-09-04,4.10,1.59,1.91
2014-09-11,4.12,1.57,1.96
2014-09-18,4.23,1.67,2.04
2014-09-25,4.20,1.67,1.96
2014-10-02,4.19,1.69,1.91
2014-10-09,4.12,1.69,1.88
2014-10-16,3.97,1.65,1.82
2014-10-23,3.92,1.54,1.88
2014-10-30,3.98,1.53,1.84
2014-11-06,4.02,1.51,1.85
2014-11-13,4.01,1.51,1.82
2014-11-20,3.99,1.49,1.81
2014-11-26,3.97,1.47,1.71
2014-12-04,3.89,1.37,1.70
2014-12-11,3.93,1.34,1.57
2014-12-18,3.80,1.16,1.55
2014-12-24,3.83,1.13,1.54
2014-12-31,3.87,1.23,1.50
2015-01-08,3.73,1.14,1.41
2015-01-15,3.66,1.25,1.33
2015-01-22,3.63,1.13,1.37
2015-01-29,3.66,1.18,1.26
2015-02-05,3.59,1.1,1.31
2015-02-12,3.69,1.11,1.38
2015-02-19,3.76,1.12,1.44
2015-02-26,3.80,1.17,1.37
2015-03-05,3.75,1.13,1.46
2015-03-12,3.86,1.22,1.43
2015-03-19,3.78,1.18,1.35
2015-03-26,3.69,1.11,1.40
2015-04-02,3.70,1.18,1.37
2015-04-09,3.66,1.13,1.41
2015-04-16,3.67,1.2,1.40
2015-04-23,3.65,1.13,1.41
2015-04-30,3.68,1.13,1.47
2015-05-07,3.80,1.2,1.55
2015-05-14,3.85,1.32,1.67
2015-05-21,3.84,1.27,1.59
2015-05-28,3.87,1.28,1.51
2015-06-04,3.87,1.24,1.65
2015-06-11,4.04,1.34,1.66
2015-06-18,4.00,1.37,1.69
2015-06-25,4.02,1.37,1.72
2015-07-02,4.08,1.47,1.76
2015-07-09,4.04,1.47,1.72
2015-07-16,4.09,1.45,1.69
2015-07-23,4.04,1.36,1.57
2015-07-30,3.98,1.29,1.56
2015-08-06,3.91,1.23,1.52
2015-08-13,3.94,1.25,1.47
2015-08-20,3.93,1.27,1.40
2015-08-27,3.84,1.19,1.50
2015-09-03,3.89,1.21,1.47
2015-09-10,3.90,1.18,1.48
2015-09-17,3.91,1.24,1.51
2015-09-24,3.86,1.22,1.46
2015-10-01,3.85,1.24,1.41
2015-10-08,3.76,1.14,1.47
2015-10-15,3.82,1.24,1.43
2015-10-22,3.79,1.21,1.43
2015-10-29,3.76,1.04,1.44
2015-11-05,3.87,1.05,1.41
2015-11-12,3.98,1.12,1.43
2015-11-19,3.97,1.09,1.33
2015-11-25,3.95,1.05,1.30
2015-12-03,3.93,1,1.37
2015-12-10,3.95,1.03,1.29
2015-12-17,3.97,1,1.24
2015-12-24,3.96,0.96,1.22
2015-12-31,4.01,0.98,1.21
2016-01-07,3.97,1.04,1.20
2016-01-14,3.92,1.05,1.20
2016-01-21,3.81,1,1.18
2016-01-28,3.79,0.99,1.17
2016-02-04,3.72,1.05,1.17
2016-02-11,3.65,1.04,0.99
2016-02-18,3.65,0.97,1.04
2016-02-25,3.62,0.93,0.99
2016-03-03,3.64,0.82,0.98
2016-03-10,3.68,0.78,1.00
2016-03-17,3.73,0.89,1.04
2016-03-24,3.71,0.85,1.02
2016-03-31,3.71,1.01,1.05
2016-04-07,3.59,0.92,1.00
2016-04-14,3.58,0.84,1.03
2016-04-21,3.59,0.8,1.06
2016-04-28,3.66,0.91,1.06
2016-05-05,3.61,0.92,1.04
2016-05-12,3.57,0.84,0.99
2016-05-19,3.58,0.72,0.96
2016-05-26,3.64,0.8,0.96
2016-06-02,3.66,0.8,0.92
2016-06-09,3.60,0.86,0.91
2016-06-16,3.54,0.87,0.87
2016-06-23,3.56,0.81,0.96
2016-06-30,3.48,0.93,0.91
2016-07-07,3.41,0.86,0.82
2016-07-14,3.42,0.77,0.85
2016-07-21,3.45,0.78,0.87
2016-07-28,3.48,0.79,0.80
2016-08-04,3.43,0.82,0.87
2016-08-11,3.45,0.72,0.81
2016-08-18,3.43,0.75,0.82
2016-08-25,3.43,0.68,0.80
2016-09-01,3.46,0.71,0.79
2016-09-08,3.44,0.69,0.83
2016-09-15,3.50,0.79,0.97
2016-09-22,3.48,0.72,0.84
2016-09-29,3.42,0.72,0.83
2016-10-06,3.42,0.59,0.89
2016-10-13,3.47,0.65,0.90
2016-10-20,3.52,0.71,0.92
2016-10-27,3.47,0.63,0.98
2016-11-03,3.54,0.76,1.01
2016-11-10,3.57,0.68,1.23
2016-11-17,3.94,0.93,1.25
2016-11-23,4.03,0.94,1.24
2016-12-01,4.08,0.97,1.31
2016-12-08,4.13,1.04,1.28
2016-12-15,4.16,0.9,1.31
2016-12-22,4.30,1.11,1.33
2016-12-29,4.32,1.13,1.27
2017-01-05,4.20,1.06,1.20
2017-01-12,4.12,0.97,1.18
2017-01-19,4.09,0.87,1.22
2017-01-26,4.19,1.01,1.30
2017-02-02,4.19,1.01,1.27
2017-02-09,4.17,1,1.20
2017-02-16,4.15,0.96,1.23
2017-02-23,4.16,1.01,1.20
2017-03-02,4.10,0.81,1.17
2017-03-09,4.21,0.87,1.23
2017-03-16,4.30,0.98,1.18
2017-03-23,4.23,1,1.15
2017-03-30,4.14,0.89,1.14
2017-04-06,4.10,0.89,1.10
2017-04-13,4.08,0.9,1.03
2017-04-20,3.97,0.79,1.03
2017-04-27,4.03,0.81,1.05
2017-05-04,4.02,0.73,1.04
2017-05-11,4.05,0.73,1.04
2017-05-18,4.02,0.78,0.96
2017-05-25,3.95,0.68,0.95
2017-06-01,3.94,0.69,0.93
2017-06-08,3.89,0.59,0.86
2017-06-15,3.91,0.59,0.81
2017-06-22,3.90,0.59,0.81
2017-06-29,3.88,0.53,0.89
2017-07-06,3.96,0.59,0.97
2017-07-13,4.03,0.69,0.98
2017-07-20,3.96,0.62,0.90
2017-07-27,3.92,0.59,0.96
2017-08-03,3.93,0.62,0.9
2017-08-10,3.90,0.6,0.87
2017-08-17,3.89,0.6,0.87
2017-08-24,3.86,0.56,0.86
2017-08-31,3.82,0.52,0.79
2017-09-07,3.78,0.54,0.78
2017-09-14,3.78,0.44,0.83
2017-09-21,3.83,0.41,0.82
2017-09-28,3.83,0.41,0.86
2017-10-05,3.85,0.39,0.86
2017-10-12,3.91,0.43,0.82
2017-10-19,3.88,0.33,0.75
2017-10-26,3.94,0.34,0.83
2017-11-02,3.94,0.36,0.74
2017-11-09,3.9,0.3,0.7
2017-11-16,3.95,0.26,0.65
2017-11-22,3.92,0.21,0.58
2017-11-30,3.9,0.15,0.64
2017-12-07,3.94,0.17,0.57
2017-12-14,3.93,0.14,0.53
2017-12-21,3.94,0.08,0.59
2017-12-28,3.99,0.11,0.52
2018-01-04,3.95,0.02,0.5
2018-01-11,3.99,0.04,0.56
2018-01-18,4.04,0.02,0.57
2018-01-25,4.15,0.1,0.55
2018-02-01,4.22,0.09,0.62
2018-02-08,4.32,0.22,0.72
2018-02-15,4.38,0.22,0.71
2018-02-22,4.4,0.18,0.67
2018-03-01,4.43,0.24,0.59
2018-03-08,4.46,0.24,0.61
2018-03-15,4.44,0.18,0.53
2018-03-22,4.45,0.19,0.54
2018-03-29,4.44,0.2,0.47
2018-04-05,4.4,0.13,0.53
2018-04-12,4.42,0.11,0.49
2018-04-19,4.47,0.06,0.48
2018-04-26,4.58,0.12,0.51
2018-05-03,4.55,0.09,0.45
2018-05-10,4.55,0.04,0.43
2018-05-17,4.61,0.070000000000001,0.54
2018-05-24,4.66,0.19,0.48
2018-05-31,4.56,0.19,0.43
2018-06-07,4.54,0.07,0.43
2018-06-14,4.62,0.06,0.35
2018-06-21,4.57,0.04,0.34
2018-06-28,4.55,0.06,0.32
2018-07-05,4.52,0,0.29
2018-07-12,4.53,-0.04,0.25
2018-07-19,4.52,-0.05,0.24
2018-07-26,4.54,-0.12,0.29
2018-08-02,4.6,-0.03,0.32
2018-08-09,4.59,-0.02,0.29
2018-08-16,4.53,-0.069999999999999,0.24
2018-08-23,4.51,-0.07,0.21
2018-08-30,4.52,-0.09,0.22
2018-09-06,4.54,-0.07,0.24
2018-09-13,4.6,-0.13,0.21
2018-09-20,4.65,-0.13,0.26
2018-09-27,4.72,-0.08,0.23
2018-10-04,4.71,-0.13,0.32
2018-10-11,4.9,0.080000000000001,0.29
2018-10-18,4.85,0.0099999999999998,0.3
2018-10-25,4.86,0.030000000000001,0.28
2018-11-01,4.83,0.02,0.3
2018-11-08,4.94,-0.0099999999999993,0.26
2018-11-15,4.94,0.11,0.25
2018-11-21,4.81,0.03,0.25
2018-11-29,4.81,0.03,0.22
2018-12-06,4.75,0.03,0.12
2018-12-13,4.63,-0.09,0.16
2018-12-20,4.62,-0.02,0.12
2018-12-27,4.55,0.02,0.21
2019-01-03,4.51,0.15,0.17
2019-01-10,4.45,-0.08,0.18
2019-01-17,4.45,-0.08,0.19
2019-01-24,4.45,-0.08,0.16
2019-01-31,4.46,0.04,0.18
2019-02-07,4.41,-0.04,0.17
2019-02-14,4.37,-0.1,0.16
2019-02-21,4.35,-0.15,0.16
2019-02-28,4.35,-0.14,0.21
2019-03-07,4.41,-0.03,0.17
2019-03-14,4.31,-0.12,0.17
2019-03-21,4.28,-0.1,0.13
2019-03-28,4.06,-0.14,0.16
2019-04-04,4.08,-0.22,0.18
2019-04-11,4.12,-0.2,0.16
2019-04-18,4.17,-0.18,0.19
2019-04-25,4.2,-0.1,0.21
2019-05-02,4.14,-0.18,0.2
2019-05-09,4.1,-0.13,0.19
2019-05-16,4.07,-0.1,0.2
2019-05-23,4.06,-0.03,0.19
2019-05-30,3.99,-0.04,0.16
2019-06-06,3.82,-0.03,0.24
2019-06-13,3.82,0.02,0.27
2019-06-20,3.84,0.15,0.29
2019-06-27,3.73,0.02,0.27
2019-07-03,3.75,0.01,0.19
2019-07-11,3.75,-0.07,0.28
2019-07-18,3.81,0.07,0.27
2019-07-25,3.75,-0.08,0.22
2019-08-01,3.75,0.05,0.17
2019-08-08,3.6,0.0099999999999998,0.1
2019-08-15,3.6,0.15,0.04
2019-08-22,3.55,-0.03,0.01
2019-08-29,3.58,0.08,-0.03
2019-09-05,3.49,-0.03,0.02
2019-09-12,3.56,-0.13,0.07
2019-09-19,3.73,0.02,0.05
2019-09-26,3.64,0.01,0.04
2019-10-03,3.65,0.29,0.15
2019-10-10,3.57,0.07,0.14
2019-10-17,3.69,0.12,0.16
2019-10-24,3.75,0.2,0.19
2019-10-31,3.78,0.29,0.17
2019-11-07,3.69,0.04,0.24
2019-11-14,3.75,0.2,0.24
2019-11-21,3.66,0.09,0.17
2019-11-27,3.68,0.08,0.14
2019-12-05,3.68,0.13,0.22
2019-12-12,3.73,0.1,0.24
2019-12-19,3.73,0.14,0.3
2019-12-26,3.74,0.13,0.26
2020-01-02,3.72,0.17,0.3
2020-01-09,3.64,0.09,0.27
2020-01-16,3.65,0.1,0.23
2020-01-23,3.6,0.12,0.23
2020-01-30,3.51,0.13,0.16
2020-02-06,3.45,0.04,0.21
2020-02-13,3.47,0.06,0.17
2020-02-20,3.49,0.13,0.13
2020-02-27,3.45,0.37,0.19
2020-03-05,3.29,0.73,0.33
2020-03-12,3.36,0.89,0.38
2020-03-19,3.65,1.24,0.68
2020-03-26,3.5,1.23,0.53
2020-04-02,3.33,1.13,0.4
2020-04-09,3.33,1.13,0.5
2020-04-16,3.31,1.14,0.41
2020-04-23,3.33,1.14,0.39
2020-04-30,3.23,1.06,0.44
2020-05-07,3.26,1.16,0.5
2020-05-14,3.28,1.15,0.47
2020-05-21,3.24,1.1,0.51
2020-05-28,3.15,1.01,0.53
2020-06-04,3.18,1.02,0.63
2020-06-11,3.21,1.05,0.47
2020-06-18,3.13,0.97,0.52
2020-06-25,3.13,0.99,0.51
2020-07-02,3.07,0.94,0.52
2020-07-09,3.03,0.9,0.46
2020-07-16,2.98,0.85,0.46
2020-07-23,3.01,0.88,0.43
2020-07-30,2.99,0.91,0.44
2020-08-06,2.88,0.8,0.44
2020-08-13,2.96,0.83,0.55
2020-08-20,2.99,0.89,0.52
2020-08-27,2.91,0.78,0.58
2020-09-03,2.93,0.83,0.5
2020-09-10,2.86,0.75,0.54
2020-09-17,2.87,0.77,0.56
2020-09-24,2.9,0.79,0.53
2020-10-01,2.88,0.77,0.54
2020-10-08,2.87,0.77,0.65
2020-10-15,2.81,0.7,0.6
2020-10-22,2.8,0.67,0.71
2020-10-29,2.81,0.68,0.69
2020-11-05,2.78,0.67,0.65
2020-11-12,2.84,0.7,0.71
2020-11-19,2.72,0.57,0.68
2020-11-25,2.72,0.58,0.71
2020-12-03,2.71,0.58,0.76
2020-12-10,2.71,0.6,0.78
2020-12-17,2.67,0.57,0.81
2020-12-24,2.66,0.56,0.81
2020-12-31,2.67,0.57,0.8
2021-01-07,2.65,0.54,0.94
2021-01-14,2.79,0.66,0.99
2021-01-21,2.77,0.67,0.99
2021-01-28,2.73,0.64,0.95
2021-02-04,2.73,0.65,1.04
2021-02-11,2.73,0.65,1.05
2021-02-18,2.81,0.73,1.18
2021-02-25,2.97,0.83,1.37
2021-03-04,3.02,0.91,1.4
2021-03-11,3.05,0.94,1.4
2021-03-18,3.09,0.96,1.55
2021-03-25,3.17,1.06,1.49
2021-04-01,3.18,1.04,1.52
2021-04-08,3.13,1.02,1.5
2021-04-15,3.04,0.91,1.4
2021-04-22,2.97,0.84,1.41
2021-04-29,2.98,0.85,1.49
2021-05-06,2.96,0.83,1.42
2021-05-13,2.94,0.81,1.5
2021-05-20,3.0,0.88,1.48
2021-05-27,2.95,0.84,1.47
2021-06-03,2.99,0.86,1.47
2021-06-10,2.96,0.85,1.31
2021-06-17,2.93,0.73,1.29
2021-06-24,3.02,0.79,1.23
2021-07-01,2.98,0.76,1.23
2021-07-08,2.9,0.74,1.11
2021-07-15,2.88,0.68,1.08
2021-07-22,2.78,0.61,1.07
2021-07-29,2.8,0.63,1.08
2021-08-05,2.77,0.59,1.02
2021-08-12,2.87,0.67,1.13
2021-08-19,2.86,0.67,1.02
2021-08-26,2.87,0.65,1.09
2021-09-02,2.87,0.7,1.09
2021-09-09,2.88,0.68,1.07
2021-09-16,2.86,0.66,1.11
2021-09-23,2.88,0.64,1.14
2021-09-30,3.01,0.76,1.24
2021-10-07,2.99,0.7,1.26
2021-10-14,3.05,0.72,1.16
2021-10-21,3.09,0.67,1.23
2021-10-28,3.14,0.67,1.07
2021-11-04,3.09,0.71,1.12
2021-11-10,2.98,0.5,1.05
2021-11-18,3.1,0.61,1.07
2021-11-24,3.1,0.49,1.0
2021-12-02,3.11,0.51,0.81
2021-12-09,3.1,0.43,0.79
2021-12-16,3.12,0.51,0.8
2021-12-23,3.05,0.37,0.79
2021-12-30,3.11,0.41,0.79
2022-01-06,3.22,0.37,0.85
2022-01-13,3.45,0.57,0.79
2022-01-20,3.56,0.51,0.75
2022-01-27,3.55,0.4,0.63
2022-02-03,3.55,0.39,0.63
2022-02-10,3.69,0.11,0.42
2022-02-17,3.92,0.46,0.48
2022-02-24,3.89,0.38,0.42
2022-03-03,3.76,0.26,0.33
2022-03-10,3.85,0.16,0.26
2022-03-17,4.16,0.25,0.26
2022-03-24,4.42,0.32,0.21
2022-03-31,4.67,0.42,0.04
2022-04-07,4.72,0.28,0.19
2022-04-14,5.0,0.56,0.36
2022-04-21,5.11,0.46,0.22
2022-04-28,5.1,0.5,0.22
2022-05-05,5.27,0.59,0.34
2022-05-12,5.3,0.77,0.28
2022-05-19,5.25,0.65,0.21
2022-05-26,5.1,0.67,0.29
2022-06-02,5.09,0.47,0.27
2022-06-09,5.23,0.43,0.21
2022-06-16,5.78,0.67,0.14
2022-06-23,5.81,0.83,0.08
2022-06-30,5.7,0.81,0.06
2022-07-07,5.3,0.3,-0.02
2022-07-14,5.51,0.39,-0.19
2022-07-21,5.54,0.47,-0.19
2022-07-28,5.3,0.48,-0.17
2022-08-04,4.99,-0.0099999999999993,-0.35
2022-08-11,5.22,0.02,-0.36
2022-08-18,5.13,-0.06,-0.34
2022-08-25,5.55,0.23,-0.32
2022-09-01,5.66,0.18,-0.25
2022-09-08,5.89,0.44,-0.19
2022-09-15,6.02,0.18,-0.42
2022-09-22,6.29,0.21,-0.41
2022-09-29,6.7,0.57,-0.4
2022-10-06,6.66,0.46,-0.4
2022-10-13,6.92,0.48,-0.5
2022-10-20,6.94,0.35,-0.38
2022-10-27,7.08,0.81,-0.34
2022-11-03,6.95,0.27,-0.57
2022-11-10,7.08,0.77,-0.52
2022-11-17,6.61,0.21,-0.66
2022-11-23,6.58,0.15,-0.75
2022-12-01,6.49,0.27,-0.72
2022-12-08,6.33,0.050000000000001,-0.83
2022-12-15,6.31,0.11,-0.79
2022-12-22,6.27,0.06,-0.57
2022-12-29,6.42,0.11,-0.51
2023-01-05,6.48,0.06,-0.74
2023-01-12,6.33,0.24,-0.69
2023-01-19,6.15,0.090000000000001,-0.7
2023-01-26,6.13,-0.0099999999999998,-0.68
2023-02-02,6.09,0.03,-0.69
2023-02-09,6.12,-0.33,-0.81
2023-02-16,6.32,-0.27,-0.76
2023-02-23,6.5,-0.13,-0.78
2023-03-02,6.65,-0.21,-0.81
2023-03-09,6.73,-0.14,-0.97
2023-03-16,6.6,0.49,-0.58
2023-03-23,6.42,0.69,-0.38
2023-03-30,6.32,0.25,-0.55
2023-04-06,6.28,0.49,-0.52
2023-04-13,6.27,0.34,-0.51
2023-04-20,6.39,0.28,-0.6
2023-04-27,6.43,0.39,-0.54
2023-05-04,6.39,0.67,-0.38
2023-05-11,6.35,0.49,-0.5
2023-05-18,6.39,0.18,-0.59
2023-05-25,6.57,0.1,-0.67
2023-06-01,6.79,0.49,-0.72
2023-06-08,6.71,0.22,-0.79
2023-06-15,6.69,0.1,-0.9
2023-06-22,6.67,-0.069999999999999,-0.97
2023-06-29,6.71,-0.13,-1.02
2023-07-06,6.81,-0.15,-0.94
2023-07-13,6.96,0.4,-0.83
2023-07-20,6.78,0.010000000000001,-0.95
2023-07-27,6.81,-0.07,-0.9
2023-08-03,6.9,0.03,-0.7
2023-08-10,6.96,0.17,-0.73
2023-08-17,7.09,0.18,-0.64
2023-08-24,7.23,0.28,-0.75
2023-08-31,7.18,0.36,-0.76
2023-09-07,7.12,0.21,-0.67
2023-09-14,7.18,0.21,-0.71
2023-09-21,7.19,0.1,-0.63
2023-09-28,7.31,0.3,-0.45
2023-10-05,7.49,0.49,-0.31
2023-10-12,7.57,0.54,-0.36
2023-10-19,7.63,0.52,-0.16
2023-10-26,7.79,0.8,-0.16
2023-11-02,7.76,0.81,-0.31
2023-11-09,7.5,0.5,-0.41
2023-11-16,7.44,0.64,-0.38
2023-11-22,7.29,0.43,-0.47
2023-11-30,7.22,0.52,-0.36
2023-12-07,7.03,0.48,-0.44
2023-12-14,6.95,0.61,-0.45
2023-12-21,6.67,0.37,-0.44
2023-12-28,6.61,0.38,-0.42
2024-01-04,6.62,0.27,-0.39
2024-01-11,6.66,0.43,-0.28
2024-01-18,6.6,0.29,-0.2
2024-01-25,6.69,0.44,-0.14
2024-02-01,6.63,0.46,-0.33
2024-02-08,6.64,0.21,-0.31
2024-02-15,6.77,0.24,-0.32
2024-02-22,6.9,0.24,-0.36
2024-02-29,6.94,0.33,-0.39
2024-03-07,6.88,0.41,-0.41
2024-03-14,6.74,0.090000000000001,-0.39
2024-03-21,6.87,0.28,-0.35
2024-03-28,6.79,0.23,-0.39
2024-04-04,6.82,0.2,-0.34
2024-04-11,6.88,-0.02,-0.37
2024-04-18,7.1,0.15,-0.34
2024-04-25,7.17,0.24,-0.26
2024-05-02,7.22,0.38,-0.29
2024-05-09,7.09,0.32,-0.35
2024-05-16,7.02,0.27,-0.4
2024-05-23,6.94,0.06,-0.44
2024-05-30,7.03,0.14,-0.37
2024-06-06,6.99,0.3,-0.44
2024-06-13,6.95,0.3,-0.44
2024-06-20,6.87,0.2,-0.45
2024-06-27,6.86,0.19,-0.41
2024-07-03,6.95,0.27,-0.35
2024-07-11,6.89,0.42,-0.3
2024-07-18,6.77,0.34,-0.26
2024-07-25,6.78,0.4,-0.14
2024-08-01,6.73,0.6,-0.17
2024-08-08,6.47,0.46,-0.05
2024-08-15,6.49,0.44,-0.16
2024-08-22,6.46,0.5,-0.13
2024-08-29,6.35,0.51,0.0
2024-09-05,6.35,0.63,-0.02
2024-09-12,6.2,0.59,0.04
2024-09-19,6.09,0.53,0.14
