Date,"30-Year Mortgage Rate","Adjusted 30-Year Mortgage Rate","Synthetic 10-Year Yield","10-Year Treasury Rate"
1971-04-02,7.33,7.43,6.93,5.60
1971-04-09,7.31,7.41,6.91,
1971-04-16,7.31,7.41,6.91,5.82
1971-04-23,7.31,7.41,6.91,6.01
1971-04-30,7.29,7.39,6.89,6.08
1971-05-07,7.38,7.48,6.98,6.25
1971-05-14,7.42,7.52,7.02,6.49
1971-05-21,7.44,7.54,7.04,6.53
1971-05-28,7.46,7.56,7.06,6.38
1971-06-04,7.52,7.62,7.12,6.26
1971-06-11,7.52,7.62,7.12,6.50
1971-06-18,7.54,7.64,7.14,6.58
1971-06-25,7.54,7.64,7.14,6.62
1971-07-02,7.54,7.64,7.14,6.69
1971-07-09,7.54,7.64,7.14,6.68
1971-07-16,7.60,7.7,7.2,6.66
1971-07-23,7.65,7.75,7.25,6.84
1971-07-30,7.69,7.79,7.29,6.85
1971-08-06,7.66,7.76,7.26,6.86
1971-08-13,7.73,7.83,7.33,6.68
1971-08-20,7.71,7.81,7.31,6.37
1971-08-27,7.69,7.79,7.29,6.33
1971-09-03,7.71,7.81,7.31,6.12
1971-09-10,7.67,7.77,7.27,6.12
1971-09-17,7.70,7.8,7.3,6.13
1971-09-24,7.67,7.77,7.27,6.16
1971-10-01,7.67,7.77,7.27,6.00
1971-10-08,7.63,7.73,7.23,5.94
1971-10-15,7.63,7.73,7.23,5.90
1971-10-22,7.58,7.68,7.18,5.90
1971-10-29,7.63,7.73,7.23,5.87
1971-11-05,7.59,7.69,7.19,5.72
1971-11-12,7.56,7.66,7.16,5.77
1971-11-19,7.54,7.64,7.14,5.79
1971-11-26,7.51,7.61,7.11,5.94
1971-12-03,7.49,7.59,7.09,5.88
1971-12-10,7.47,7.57,7.07,5.93
1971-12-17,7.48,7.58,7.08,5.93
1971-12-24,7.48,7.58,7.08,
1971-12-31,7.48,7.58,7.08,5.89
1972-01-07,7.46,7.56,7.06,5.88
1972-01-14,7.46,7.56,7.06,5.85
1972-01-21,7.43,7.53,7.03,5.99
1972-01-28,7.40,7.5,7,6.08
1972-02-04,7.35,7.45,6.95,6.08
1972-02-11,7.33,7.43,6.93,6.12
1972-02-18,7.31,7.41,6.91,6.06
1972-02-25,7.31,7.41,6.91,6.06
1972-03-03,7.32,7.42,6.92,6.02
1972-03-10,7.32,7.42,6.92,6.03
1972-03-17,7.31,7.41,6.91,6.08
1972-03-24,7.31,7.41,6.91,6.12
1972-03-31,7.23,7.33,6.83,
1972-04-07,7.25,7.35,6.85,6.18
1972-04-14,7.29,7.39,6.89,6.25
1972-04-21,7.29,7.39,6.89,6.20
1972-04-28,7.33,7.43,6.93,6.14
1972-05-05,7.33,7.43,6.93,6.17
1972-05-12,7.38,7.48,6.98,6.16
1972-05-19,7.38,7.48,6.98,6.10
1972-05-26,7.40,7.5,7,6.04
1972-06-02,7.36,7.46,6.96,6.09
1972-06-09,7.38,7.48,6.98,6.11
1972-06-16,7.38,7.48,6.98,6.10
1972-06-23,7.36,7.46,6.96,6.10
1972-06-30,7.38,7.48,6.98,6.15
1972-07-07,7.38,7.48,6.98,6.13
1972-07-14,7.40,7.5,7,6.10
1972-07-21,7.40,7.5,7,6.10
1972-07-28,7.40,7.5,7,6.12
1972-08-04,7.35,7.45,6.95,6.16
1972-08-11,7.41,7.51,7.01,6.14
1972-08-18,7.42,7.52,7.02,6.21
1972-08-25,7.42,7.52,7.02,6.26
1972-09-01,7.42,7.52,7.02,6.43
1972-09-08,7.42,7.52,7.02,6.56
1972-09-15,7.42,7.52,7.02,6.56
1972-09-22,7.41,7.51,7.01,6.62
1972-09-29,7.43,7.53,7.03,6.54
1972-10-06,7.41,7.51,7.01,6.52
1972-10-13,7.41,7.51,7.01,6.50
1972-10-20,7.44,7.54,7.04,6.47
1972-10-27,7.42,7.52,7.02,6.42
1972-11-03,7.43,7.53,7.03,6.30
1972-11-10,7.42,7.52,7.02,6.30
1972-11-17,7.42,7.52,7.02,6.24
1972-11-24,7.44,7.54,7.04,6.27
1972-12-01,7.45,7.55,7.05,6.29
1972-12-08,7.43,7.53,7.03,6.32
1972-12-15,7.43,7.53,7.03,6.35
1972-12-22,7.45,7.55,7.05,6.40
1972-12-29,7.45,7.55,7.05,6.41
1973-01-05,7.44,7.54,7.04,6.42
1973-01-12,7.44,7.54,7.04,6.44
1973-01-19,7.44,7.54,7.04,6.49
1973-01-26,7.43,7.53,7.03,6.53
1973-02-02,7.43,7.53,7.03,6.64
1973-02-09,7.43,7.53,7.03,6.63
1973-02-16,7.45,7.55,7.05,6.63
1973-02-23,7.45,7.55,7.05,6.61
1973-03-02,7.45,7.55,7.05,6.67
1973-03-09,7.45,7.55,7.05,6.68
1973-03-16,7.45,7.55,7.05,6.77
1973-03-23,7.45,7.55,7.05,6.76
1973-03-30,7.49,7.59,7.09,6.73
1973-04-06,7.51,7.61,7.11,6.64
1973-04-13,7.54,7.64,7.14,6.63
1973-04-20,7.56,7.66,7.16,
1973-04-27,7.56,7.66,7.16,6.69
1973-05-04,7.58,7.68,7.18,6.79
1973-05-11,7.64,7.74,7.24,6.82
1973-05-18,7.69,7.79,7.29,6.86
1973-05-24,7.70,7.8,7.3,6.91
1973-06-01,7.70,7.8,7.3,6.96
1973-06-08,7.73,7.83,7.33,6.87
1973-06-15,7.73,7.83,7.33,6.86
1973-06-22,7.75,7.85,7.35,6.91
1973-06-29,7.76,7.86,7.36,6.94
1973-07-06,7.89,7.99,7.49,7.03
1973-07-13,8.01,8.11,7.61,7.05
1973-07-20,8.12,8.22,7.72,7.17
1973-07-27,8.18,8.28,7.78,7.35
1973-08-03,8.26,8.36,7.86,7.53
1973-08-10,8.40,8.5,8,7.52
1973-08-17,8.55,8.65,8.15,7.28
1973-08-24,8.61,8.71,8.21,7.23
1973-08-31,8.66,8.76,8.26,7.25
1973-09-07,8.77,8.87,8.37,7.11
1973-09-14,8.81,8.91,8.41,7.21
1973-09-21,8.83,8.93,8.43,7.02
1973-09-28,8.85,8.95,8.45,6.90
1973-10-05,8.82,8.92,8.42,6.86
1973-10-12,8.83,8.93,8.43,6.75
1973-10-19,8.75,8.85,8.35,6.80
1973-10-26,8.68,8.78,8.28,6.72
1973-11-02,8.62,8.72,8.22,6.72
1973-11-09,8.59,8.69,8.19,6.76
1973-11-16,8.58,8.68,8.18,6.72
1973-11-23,8.57,8.67,8.17,6.70
1973-11-30,8.55,8.65,8.15,6.69
1973-12-07,8.53,8.63,8.13,6.74
1973-12-14,8.53,8.63,8.13,6.68
1973-12-21,8.53,8.63,8.13,6.78
1973-12-28,8.56,8.66,8.16,6.91
1974-01-04,8.56,8.66,8.16,6.94
1974-01-11,8.53,8.63,8.13,7.01
1974-01-18,8.55,8.65,8.15,6.98
1974-01-25,8.52,8.62,8.12,7.02
1974-02-01,8.48,8.58,8.08,7.00
1974-02-08,8.46,8.56,8.06,6.93
1974-02-15,8.46,8.56,8.06,6.93
1974-02-22,8.42,8.52,8.02,6.97
1974-03-01,8.41,8.51,8.01,7.08
1974-03-08,8.41,8.51,8.01,7.06
1974-03-15,8.40,8.5,8,7.18
1974-03-22,8.40,8.5,8,7.35
1974-03-29,8.41,8.51,8.01,7.41
1974-04-05,8.44,8.54,8.04,7.54
1974-04-12,8.53,8.63,8.13,
1974-04-19,8.63,8.73,8.23,7.51
1974-04-26,8.73,8.83,8.33,7.64
1974-05-03,8.87,8.97,8.47,7.65
1974-05-10,8.98,9.08,8.58,7.63
1974-05-17,8.97,9.07,8.57,7.57
1974-05-24,9.01,9.11,8.61,7.49
1974-05-31,9.03,9.13,8.63,7.52
1974-06-07,9.06,9.16,8.66,7.46
1974-06-14,9.11,9.21,8.71,7.50
1974-06-21,9.07,9.17,8.67,7.55
1974-06-28,9.10,9.2,8.7,7.64
1974-07-05,9.14,9.24,8.74,7.71
1974-07-12,9.19,9.29,8.79,7.85
1974-07-19,9.37,9.47,8.97,7.87
1974-07-26,9.42,9.52,9.02,7.79
1974-08-02,9.47,9.57,9.07,7.96
1974-08-09,9.50,9.6,9.1,8.03
1974-08-16,9.60,9.7,9.2,8.00
1974-08-23,9.62,9.72,9.22,8.15
1974-08-30,9.74,9.84,9.34,8.11
1974-09-06,9.88,9.98,9.48,8.09
1974-09-13,9.92,10.02,9.52,8.13
1974-09-20,10.00,10.1,9.6,8.02
1974-09-27,10.03,10.13,9.63,7.94
1974-10-04,10.02,10.12,9.62,8.02
1974-10-11,9.96,10.06,9.56,7.88
1974-10-18,9.99,10.09,9.59,7.86
1974-10-25,9.94,10.04,9.54,7.86
1974-11-01,9.87,9.97,9.47,7.80
1974-11-08,9.81,9.91,9.41,7.72
1974-11-15,9.81,9.91,9.41,7.61
1974-11-22,9.73,9.83,9.33,7.60
1974-11-29,9.72,9.82,9.32,7.64
1974-12-06,9.69,9.79,9.29,7.59
1974-12-13,9.63,9.73,9.23,7.38
1974-12-20,9.58,9.68,9.18,7.27
1974-12-27,9.56,9.66,9.16,7.39
1975-01-03,9.60,9.7,9.2,7.43
1975-01-10,9.49,9.59,9.09,7.37
1975-01-17,9.43,9.53,9.03,7.53
1975-01-24,9.35,9.45,8.95,7.64
1975-01-31,9.29,9.39,8.89,7.53
1975-02-07,9.20,9.3,8.8,7.38
1975-02-14,9.13,9.23,8.73,7.35
1975-02-21,9.07,9.17,8.67,7.22
1975-02-28,9.02,9.12,8.62,7.46
1975-03-07,9.00,9.1,8.6,7.52
1975-03-14,8.89,8.99,8.49,7.58
1975-03-21,8.86,8.96,8.46,7.84
1975-03-28,8.86,8.96,8.46,
1975-04-04,8.83,8.93,8.43,8.15
1975-04-11,8.81,8.91,8.41,8.22
1975-04-18,8.80,8.9,8.4,8.27
1975-04-25,8.84,8.94,8.44,8.25
1975-05-02,8.92,9.02,8.52,8.11
1975-05-09,8.88,8.98,8.48,8.08
1975-05-16,8.92,9.02,8.52,8.01
1975-05-23,8.92,9.02,8.52,8.02
1975-05-30,8.89,8.99,8.49,8.04
1975-06-06,8.89,8.99,8.49,7.88
1975-06-13,8.90,9,8.5,7.69
1975-06-20,8.88,8.98,8.48,7.94
1975-06-27,8.90,9,8.5,7.95
1975-07-03,8.88,8.98,8.48,8.05
1975-07-11,8.90,9,8.5,7.99
1975-07-18,8.89,8.99,8.49,8.06
1975-07-25,8.89,8.99,8.49,8.12
1975-08-01,8.89,8.99,8.49,8.26
1975-08-08,8.89,8.99,8.49,8.40
1975-08-15,8.93,9.03,8.53,8.48
1975-08-22,8.98,9.08,8.58,8.46
1975-08-29,9.02,9.12,8.62,8.22
1975-09-05,9.08,9.18,8.68,8.35
1975-09-12,9.16,9.26,8.76,8.57
1975-09-19,9.14,9.24,8.74,8.42
1975-09-26,9.14,9.24,8.74,8.45
1975-10-03,9.20,9.3,8.8,8.33
1975-10-10,9.21,9.31,8.81,8.15
1975-10-17,9.21,9.31,8.81,8.07
1975-10-24,9.26,9.36,8.86,8.00
1975-10-31,9.24,9.34,8.84,7.91
1975-11-07,9.19,9.29,8.79,7.91
1975-11-14,9.16,9.26,8.76,8.06
1975-11-21,9.12,9.22,8.72,8.21
1975-11-28,9.11,9.21,8.71,8.14
1975-12-05,9.11,9.21,8.71,8.13
1975-12-12,9.11,9.21,8.71,8.12
1975-12-19,9.08,9.18,8.68,7.88
1975-12-26,9.09,9.19,8.69,7.75
1976-01-02,9.10,9.2,8.7,7.77
1976-01-09,9.07,9.17,8.67,7.64
1976-01-16,9.01,9.11,8.61,7.79
1976-01-23,9.00,9.1,8.6,7.78
1976-01-30,8.90,9,8.5,7.80
1976-02-06,8.86,8.96,8.46,7.88
1976-02-13,8.83,8.93,8.43,7.82
1976-02-20,8.81,8.91,8.41,7.77
1976-02-27,8.75,8.85,8.35,7.77
1976-03-05,8.77,8.87,8.37,7.80
1976-03-12,8.75,8.85,8.35,7.71
1976-03-19,8.75,8.85,8.35,7.74
1976-03-26,8.75,8.85,8.35,7.64
1976-04-02,8.70,8.8,8.3,7.67
1976-04-09,8.70,8.8,8.3,7.52
1976-04-16,8.75,8.85,8.35,
1976-04-23,8.75,8.85,8.35,7.59
1976-04-30,8.75,8.85,8.35,7.67
1976-05-07,8.75,8.85,8.35,7.87
1976-05-14,8.75,8.85,8.35,7.93
1976-05-21,8.78,8.88,8.38,8.00
1976-05-28,8.78,8.88,8.38,7.96
1976-06-04,8.78,8.88,8.38,7.89
1976-06-11,8.83,8.93,8.43,7.86
1976-06-18,8.88,8.98,8.48,7.81
1976-06-25,8.90,9,8.5,7.83
1976-07-02,8.93,9.03,8.53,7.84
1976-07-09,8.93,9.03,8.53,7.78
1976-07-16,8.93,9.03,8.53,7.83
1976-07-23,8.90,9,8.5,7.84
1976-07-30,8.98,9.08,8.58,7.86
1976-08-06,9.00,9.1,8.6,7.84
1976-08-13,9.00,9.1,8.6,7.78
1976-08-20,9.00,9.1,8.6,7.76
1976-08-27,9.00,9.1,8.6,7.72
1976-09-03,9.00,9.1,8.6,7.65
1976-09-10,8.97,9.07,8.57,7.64
1976-09-17,8.97,9.07,8.57,7.49
1976-09-24,8.97,9.07,8.57,7.58
1976-10-01,8.90,9,8.5,7.49
1976-10-08,8.95,9.05,8.55,7.38
1976-10-15,8.95,9.05,8.55,7.31
1976-10-22,8.95,9.05,8.55,7.48
1976-10-29,8.90,9,8.5,7.42
1976-11-05,8.85,8.95,8.45,7.41
1976-11-12,8.80,8.9,8.4,7.43
1976-11-19,8.80,8.9,8.4,7.24
1976-11-26,8.80,8.9,8.4,6.99
1976-12-03,8.80,8.9,8.4,6.86
1976-12-10,8.80,8.9,8.4,6.82
1976-12-17,8.80,8.9,8.4,6.88
1976-12-24,8.78,8.88,8.38,
1976-12-31,8.78,8.88,8.38,6.81
1977-01-07,8.70,8.8,8.3,7.07
1977-01-14,8.73,8.83,8.33,7.28
1977-01-21,8.73,8.83,8.33,7.28
1977-01-28,8.73,8.83,8.33,7.40
1977-02-04,8.68,8.78,8.28,7.28
1977-02-11,8.70,8.8,8.3,7.36
1977-02-18,8.65,8.75,8.25,7.41
1977-02-25,8.65,8.75,8.25,7.48
1977-03-04,8.65,8.75,8.25,7.48
1977-03-11,8.70,8.8,8.3,7.44
1977-03-18,8.70,8.8,8.3,7.44
1977-03-25,8.70,8.8,8.3,7.48
1977-04-01,8.70,8.8,8.3,7.43
1977-04-08,8.75,8.85,8.35,
1977-04-15,8.75,8.85,8.35,7.25
1977-04-22,8.78,8.88,8.38,7.36
1977-04-29,8.78,8.88,8.38,7.45
1977-05-06,8.78,8.88,8.38,7.50
1977-05-13,8.83,8.93,8.43,7.48
1977-05-20,8.85,8.95,8.45,7.49
1977-05-27,8.85,8.95,8.45,7.38
1977-06-03,8.85,8.95,8.45,7.36
1977-06-10,8.85,8.95,8.45,7.30
1977-06-17,8.85,8.95,8.45,7.24
1977-06-24,8.88,8.98,8.48,7.20
1977-07-01,8.95,9.05,8.55,7.34
1977-07-08,8.93,9.03,8.53,7.31
1977-07-15,8.95,9.05,8.55,7.31
1977-07-22,8.95,9.05,8.55,7.31
1977-07-29,8.93,9.03,8.53,7.42
1977-08-05,8.95,9.05,8.55,7.42
1977-08-12,8.95,9.05,8.55,7.48
1977-08-19,8.93,9.03,8.53,7.40
1977-08-26,8.93,9.03,8.53,7.27
1977-09-02,8.88,8.98,8.48,7.24
1977-09-09,8.90,9,8.5,7.36
1977-09-16,8.90,9,8.5,7.32
1977-09-23,8.90,9,8.5,7.39
1977-09-30,8.90,9,8.5,7.41
1977-10-07,8.93,9.03,8.53,7.48
1977-10-14,8.93,9.03,8.53,7.54
1977-10-21,8.93,9.03,8.53,7.55
1977-10-28,8.90,9,8.5,7.56
1977-11-04,8.90,9,8.5,7.64
1977-11-11,8.93,9.03,8.53,
1977-11-18,8.93,9.03,8.53,7.54
1977-11-25,8.93,9.03,8.53,7.52
1977-12-02,8.95,9.05,8.55,7.59
1977-12-09,8.95,9.05,8.55,7.63
1977-12-16,8.95,9.05,8.55,7.67
1977-12-23,8.95,9.05,8.55,7.75
1977-12-30,9.00,9.1,8.6,7.78
1978-01-06,9.00,9.1,8.6,7.85
1978-01-13,9.03,9.13,8.63,7.98
1978-01-20,8.98,9.08,8.58,7.97
1978-01-27,9.05,9.15,8.65,7.97
1978-02-03,9.13,9.23,8.73,7.97
1978-02-10,9.15,9.25,8.75,8.02
1978-02-17,9.15,9.25,8.75,8.09
1978-02-24,9.15,9.25,8.75,8.04
1978-03-03,9.15,9.25,8.75,8.04
1978-03-10,9.15,9.25,8.75,8.00
1978-03-17,9.23,9.33,8.83,8.00
1978-03-24,9.23,9.33,8.83,
1978-03-31,9.25,9.35,8.85,8.15
1978-04-07,9.28,9.38,8.88,8.14
1978-04-14,9.33,9.43,8.93,8.12
1978-04-21,9.38,9.48,8.98,8.16
1978-04-28,9.43,9.53,9.03,8.24
1978-05-05,9.48,9.58,9.08,8.34
1978-05-12,9.55,9.65,9.15,8.36
1978-05-19,9.58,9.68,9.18,8.38
1978-05-26,9.68,9.78,9.28,8.42
1978-06-02,9.68,9.78,9.28,8.39
1978-06-09,9.70,9.8,9.3,8.41
1978-06-16,9.73,9.83,9.33,8.43
1978-06-23,9.70,9.8,9.3,8.55
1978-06-30,9.73,9.83,9.33,8.62
1978-07-07,9.73,9.83,9.33,8.66
1978-07-14,9.73,9.83,9.33,8.68
1978-07-21,9.75,9.85,9.35,8.67
1978-07-28,9.75,9.85,9.35,8.55
1978-08-04,9.78,9.88,9.38,8.38
1978-08-11,9.78,9.88,9.38,8.44
1978-08-18,9.78,9.88,9.38,8.46
1978-08-25,9.80,9.9,9.4,8.34
1978-09-01,9.75,9.85,9.35,8.38
1978-09-08,9.75,9.85,9.35,8.34
1978-09-15,9.75,9.85,9.35,8.35
1978-09-22,9.75,9.85,9.35,8.56
1978-09-29,9.78,9.88,9.38,8.56
1978-10-06,9.85,9.95,9.45,8.58
1978-10-13,9.85,9.95,9.45,8.52
1978-10-20,9.85,9.95,9.45,8.66
1978-10-27,9.88,9.98,9.48,8.78
1978-11-03,9.90,10,9.5,8.86
1978-11-10,10.05,10.15,9.65,8.86
1978-11-17,10.20,10.3,9.8,8.72
1978-11-24,10.28,10.38,9.88,8.86
1978-12-01,10.30,10.4,9.9,8.80
1978-12-08,10.35,10.45,9.95,8.90
1978-12-15,10.35,10.45,9.95,9.00
1978-12-22,10.35,10.45,9.95,9.11
1978-12-29,10.38,10.48,9.98,9.15
1979-01-05,10.38,10.48,9.98,9.10
1979-01-12,10.38,10.48,9.98,9.14
1979-01-19,10.40,10.5,10,9.15
1979-01-26,10.40,10.5,10,8.93
1979-02-02,10.40,10.5,10,8.89
1979-02-09,10.43,10.53,10.03,9.11
1979-02-16,10.40,10.5,10,9.11
1979-02-23,10.40,10.5,10,9.21
1979-03-02,10.43,10.53,10.03,9.16
1979-03-09,10.40,10.5,10,9.11
1979-03-16,10.40,10.5,10,9.12
1979-03-23,10.45,10.55,10.05,9.12
1979-03-30,10.45,10.55,10.05,9.11
1979-04-06,10.48,10.58,10.08,9.10
1979-04-13,10.48,10.58,10.08,
1979-04-20,10.50,10.6,10.1,9.19
1979-04-27,10.53,10.63,10.13,9.32
1979-05-04,10.60,10.7,10.2,9.39
1979-05-11,10.68,10.78,10.28,9.34
1979-05-18,10.73,10.83,10.33,9.23
1979-05-25,10.75,10.85,10.35,9.01
1979-06-01,10.90,11,10.5,9.05
1979-06-08,11.03,11.13,10.63,8.90
1979-06-15,11.05,11.15,10.65,8.96
1979-06-22,11.10,11.2,10.7,8.98
1979-06-29,11.10,11.2,10.7,8.81
1979-07-06,11.13,11.23,10.73,8.82
1979-07-13,11.08,11.18,10.68,8.94
1979-07-20,11.08,11.18,10.68,8.98
1979-07-27,11.08,11.18,10.68,9.02
1979-08-03,11.08,11.18,10.68,8.92
1979-08-10,11.08,11.18,10.68,9.00
1979-08-17,11.08,11.18,10.68,9.01
1979-08-24,11.10,11.2,10.7,9.14
1979-08-31,11.13,11.23,10.73,9.24
1979-09-07,11.20,11.3,10.8,9.34
1979-09-14,11.30,11.4,10.9,9.29
1979-09-21,11.35,11.45,10.95,9.26
1979-09-28,11.35,11.45,10.95,9.44
1979-10-05,11.35,11.45,10.95,9.60
1979-10-12,11.45,11.55,11.05,10.15
1979-10-19,11.75,11.85,11.35,10.68
1979-10-26,12.00,12.1,11.6,10.67
1979-11-02,12.80,12.9,12.4,10.84
1979-11-09,12.85,12.95,12.45,10.68
1979-11-16,12.80,12.9,12.4,10.77
1979-11-23,12.80,12.9,12.4,10.51
1979-11-30,12.90,13,12.5,10.38
1979-12-07,12.90,13,12.5,10.30
1979-12-14,12.90,13,12.5,10.45
1979-12-21,12.90,13,12.5,10.39
1979-12-28,12.90,13,12.5,10.41
1980-01-04,12.85,12.95,12.45,10.66
1980-01-11,12.90,13,12.5,10.68
1980-01-18,12.87,12.97,12.47,10.82
1980-01-25,12.89,12.99,12.49,11.10
1980-02-01,12.85,12.95,12.45,11.29
1980-02-08,12.85,12.95,12.45,11.80
1980-02-15,12.88,12.98,12.48,12.20
1980-02-22,13.03,13.13,12.63,13.06
1980-02-29,13.59,13.69,13.19,12.72
1980-03-07,14.00,14.1,13.6,12.86
1980-03-14,15.40,15.5,15,12.52
1980-03-21,15.70,15.8,15.3,12.75
1980-03-28,16.03,16.13,15.63,12.72
1980-04-04,16.35,16.45,15.95,
1980-04-11,16.35,16.45,15.95,11.79
1980-04-18,16.35,16.45,15.95,11.05
1980-04-25,16.25,16.35,15.85,10.95
1980-05-02,15.90,16,15.5,10.24
1980-05-09,14.68,14.78,14.28,10.30
1980-05-16,14.15,14.25,13.75,10.37
1980-05-23,13.38,13.48,12.98,9.85
1980-05-30,13.20,13.3,12.8,10.25
1980-06-06,13.06,13.16,12.66,9.81
1980-06-13,12.85,12.95,12.45,9.51
1980-06-20,12.58,12.68,12.18,9.49
1980-06-27,12.35,12.45,11.95,10.04
1980-07-04,12.18,12.28,11.78,
1980-07-11,12.23,12.33,11.83,10.28
1980-07-18,12.18,12.28,11.78,10.20
1980-07-25,12.18,12.28,11.78,10.35
1980-08-01,12.25,12.35,11.85,10.76
1980-08-08,12.25,12.35,11.85,10.87
1980-08-15,12.55,12.65,12.15,10.86
1980-08-22,12.80,12.9,12.4,11.13
1980-08-29,12.95,13.05,12.55,11.55
1980-09-05,13.03,13.13,12.63,11.21
1980-09-12,13.08,13.18,12.68,11.37
1980-09-19,13.25,13.35,12.85,11.33
1980-09-26,13.43,13.53,13.03,11.99
1980-10-03,13.60,13.7,13.2,11.40
1980-10-10,13.73,13.83,13.33,11.44
1980-10-17,13.78,13.88,13.38,11.62
1980-10-24,13.85,13.95,13.45,11.74
1980-10-31,14.00,14.1,13.6,12.46
1980-11-07,14.08,14.18,13.68,12.66
1980-11-14,14.18,14.28,13.78,12.79
1980-11-21,14.28,14.38,13.88,12.80
1980-11-28,14.28,14.38,13.88,12.72
1980-12-05,14.43,14.53,14.03,12.85
1980-12-12,14.83,14.93,14.43,13.21
1980-12-19,14.95,15.05,14.55,12.64
1980-12-26,14.95,15.05,14.55,12.25
1981-01-02,14.95,15.05,14.55,12.42
1981-01-09,14.80,14.9,14.4,12.57
1981-01-16,14.85,14.95,14.45,12.53
1981-01-23,14.85,14.95,14.45,12.84
1981-01-30,15.07,15.17,14.67,12.68
1981-02-06,15.00,15.1,14.6,13.09
1981-02-13,15.03,15.13,14.63,13.65
1981-02-20,15.20,15.3,14.8,12.90
1981-02-27,15.30,15.4,14.9,13.43
1981-03-06,15.40,15.5,15,13.20
1981-03-13,15.40,15.5,15,12.86
1981-03-20,15.40,15.5,15,12.77
1981-03-27,15.40,15.5,15,13.36
1981-04-03,15.40,15.5,15,13.40
1981-04-10,15.50,15.6,15.1,13.59
1981-04-17,15.65,15.75,15.25,
1981-04-24,15.77,15.87,15.37,13.88
1981-05-01,15.82,15.92,15.42,14.05
1981-05-08,16.12,16.22,15.72,14.23
1981-05-15,16.64,16.74,16.24,14.07
1981-05-22,16.63,16.73,16.23,13.82
1981-05-29,16.80,16.9,16.4,13.50
1981-06-05,16.76,16.86,16.36,13.56
1981-06-12,16.69,16.79,16.29,13.35
1981-06-19,16.71,16.81,16.31,13.46
1981-06-26,16.62,16.72,16.22,13.69
1981-07-03,16.64,16.74,16.24,
1981-07-10,16.79,16.89,16.39,13.94
1981-07-17,16.74,16.84,16.34,14.09
1981-07-24,16.88,16.98,16.48,14.41
1981-07-31,17.11,17.21,16.71,14.67
1981-08-07,17.13,17.23,16.73,14.83
1981-08-14,17.27,17.37,16.87,14.74
1981-08-21,17.26,17.36,16.86,14.97
1981-08-28,17.48,17.58,17.08,15.25
1981-09-04,17.79,17.89,17.39,15.51
1981-09-11,18.22,18.32,17.82,15.05
1981-09-18,18.27,18.37,17.87,14.91
1981-09-25,18.36,18.46,17.96,15.68
1981-10-02,18.28,18.38,17.88,15.41
1981-10-09,18.63,18.73,18.23,14.73
1981-10-16,18.53,18.63,18.13,14.94
1981-10-21,18.39,18.49,17.99,15.34
1981-10-30,18.44,18.54,18.04,14.63
1981-11-06,18.37,18.47,17.97,13.94
1981-11-13,18.02,18.12,17.62,13.18
1981-11-20,17.70,17.8,17.3,13.14
1981-11-27,17.21,17.31,16.81,12.92
1981-12-04,16.90,17,16.5,13.15
1981-12-11,16.94,17.04,16.54,13.84
1981-12-18,16.90,17,16.5,13.51
1981-12-25,16.95,17.05,16.55,
1981-12-31,17.04,17.14,16.64,13.98
1982-01-08,17.30,17.4,16.9,14.48
1982-01-15,17.44,17.54,17.04,14.82
1982-01-22,17.61,17.71,17.21,14.69
1982-01-29,17.59,17.69,17.19,14.14
1982-02-05,17.56,17.66,17.16,14.65
1982-02-12,17.65,17.75,17.25,
1982-02-19,17.66,17.76,17.26,14.24
1982-02-26,17.52,17.62,17.12,14.03
1982-03-05,17.29,17.39,16.89,13.59
1982-03-12,17.19,17.29,16.79,13.97
1982-03-19,17.12,17.22,16.72,13.89
1982-03-26,17.04,17.14,16.64,14.01
1982-04-02,16.95,17.05,16.55,14.10
1982-04-09,16.91,17.01,16.51,
1982-04-16,16.93,17.03,16.53,13.71
1982-04-23,16.86,16.96,16.46,13.69
1982-04-30,16.81,16.91,16.41,13.87
1982-05-07,16.78,16.88,16.38,13.48
1982-05-14,16.63,16.73,16.23,13.48
1982-05-21,16.67,16.77,16.27,13.52
1982-05-28,16.63,16.73,16.23,13.71
1982-06-04,16.65,16.75,16.25,13.98
1982-06-11,16.70,16.8,16.3,13.93
1982-06-18,16.71,16.81,16.31,14.62
1982-06-25,16.73,16.83,16.33,14.76
1982-07-02,16.87,16.97,16.47,14.50
1982-07-09,16.93,17.03,16.53,14.03
1982-07-16,16.88,16.98,16.48,13.70
1982-07-23,16.75,16.85,16.35,13.56
1982-07-30,16.65,16.75,16.25,13.68
1982-08-06,16.55,16.65,16.15,13.85
1982-08-13,16.44,16.54,16.04,13.20
1982-08-20,16.21,16.31,15.81,12.24
1982-08-27,15.88,15.98,15.48,12.77
1982-09-03,15.59,15.69,15.19,12.47
1982-09-10,15.56,15.66,15.16,12.73
1982-09-17,15.38,15.48,14.98,12.51
1982-09-24,15.19,15.29,14.79,12.09
1982-10-01,15.13,15.23,14.73,11.51
1982-10-08,14.96,15.06,14.56,10.83
1982-10-15,14.60,14.7,14.2,10.75
1982-10-22,14.20,14.3,13.8,10.81
1982-10-29,14.15,14.25,13.75,10.71
1982-11-05,13.91,14.01,13.51,10.48
1982-11-12,13.84,13.94,13.44,10.58
1982-11-19,13.78,13.88,13.38,10.42
1982-11-26,13.77,13.87,13.37,10.51
1982-12-03,13.66,13.76,13.26,10.47
1982-12-10,13.66,13.76,13.26,10.66
1982-12-17,13.63,13.73,13.23,10.64
1982-12-24,13.60,13.7,13.2,
1982-12-31,13.57,13.67,13.17,10.36
1983-01-07,13.46,13.56,13.06,10.36
1983-01-14,13.31,13.41,12.91,10.28
1983-01-21,13.12,13.22,12.72,10.61
1983-01-28,13.10,13.2,12.7,10.71
1983-02-04,13.06,13.16,12.66,10.99
1983-02-11,13.06,13.16,12.66,10.80
1983-02-18,13.07,13.17,12.67,10.60
1983-02-25,12.98,13.08,12.58,10.26
1983-03-04,12.74,12.84,12.34,10.27
1983-03-11,12.79,12.89,12.39,10.59
1983-03-18,12.81,12.91,12.41,10.58
1983-03-25,12.86,12.96,12.46,10.64
1983-04-01,12.82,12.92,12.42,
1983-04-08,12.82,12.92,12.42,10.51
1983-04-15,12.79,12.89,12.39,10.33
1983-04-22,12.75,12.85,12.35,10.42
1983-04-29,12.73,12.83,12.33,10.27
1983-05-06,12.71,12.81,12.31,10.13
1983-05-13,12.59,12.69,12.19,10.22
1983-05-20,12.55,12.65,12.15,10.54
1983-05-27,12.68,12.78,12.28,10.62
1983-06-03,12.74,12.84,12.34,10.79
1983-06-10,12.82,12.92,12.42,10.89
1983-06-17,12.96,13.06,12.56,10.68
1983-06-24,12.96,13.06,12.56,11.02
1983-07-01,13.08,13.18,12.68,10.93
1983-07-08,13.30,13.4,12.9,11.33
1983-07-15,13.50,13.6,13.1,11.51
1983-07-22,13.58,13.68,13.18,11.43
1983-07-29,13.65,13.75,13.25,11.76
1983-08-05,13.73,13.83,13.33,12.10
1983-08-12,13.84,13.94,13.44,11.96
1983-08-19,13.89,13.99,13.49,11.72
1983-08-26,13.78,13.88,13.38,11.65
1983-09-02,13.77,13.87,13.37,12.01
1983-09-09,13.77,13.87,13.37,11.73
1983-09-16,13.72,13.82,13.32,11.68
1983-09-23,13.72,13.82,13.32,11.49
1983-09-30,13.65,13.75,13.25,11.44
1983-10-07,13.59,13.69,13.19,11.33
1983-10-14,13.60,13.7,13.2,11.58
1983-10-21,13.52,13.62,13.12,11.43
1983-10-28,13.43,13.53,13.03,11.68
1983-11-04,13.42,13.52,13.02,11.85
1983-11-11,13.47,13.57,13.07,
1983-11-18,13.42,13.52,13.02,11.72
1983-11-25,13.43,13.53,13.03,11.55
1983-12-02,13.41,13.51,13.01,11.75
1983-12-09,13.38,13.48,12.98,11.90
1983-12-16,13.42,13.52,13.02,11.88
1983-12-23,13.46,13.56,13.06,11.79
1983-12-30,13.43,13.53,13.03,11.82
1984-01-06,13.43,13.53,13.03,11.73
1984-01-13,13.40,13.5,13,11.59
1984-01-20,13.35,13.45,12.95,11.64
1984-01-27,13.29,13.39,12.89,11.63
1984-02-03,13.26,13.36,12.86,11.60
1984-02-10,13.23,13.33,12.83,11.83
1984-02-17,13.19,13.29,12.79,11.92
1984-02-24,13.25,13.35,12.85,11.99
1984-03-02,13.23,13.33,12.83,11.99
1984-03-09,13.30,13.4,12.9,12.28
1984-03-16,13.37,13.47,12.97,12.34
1984-03-23,13.48,13.58,13.08,12.48
1984-03-30,13.55,13.65,13.15,12.53
1984-04-06,13.63,13.73,13.23,12.51
1984-04-13,13.58,13.68,13.18,12.57
1984-04-20,13.67,13.77,13.27,
1984-04-27,13.73,13.83,13.33,12.79
1984-05-04,13.78,13.88,13.38,13.07
1984-05-11,13.87,13.97,13.47,13.46
1984-05-18,14.04,14.14,13.64,13.45
1984-05-25,14.08,14.18,13.68,13.75
1984-06-01,14.29,14.39,13.89,13.63
1984-06-08,14.33,14.43,13.93,13.46
1984-06-15,14.47,14.57,14.07,13.21
1984-06-22,14.49,14.59,14.09,13.74
1984-06-29,14.50,14.6,14.1,13.84
1984-07-06,14.66,14.76,14.26,13.75
1984-07-13,14.68,14.78,14.28,13.30
1984-07-20,14.66,14.76,14.26,13.36
1984-07-27,14.67,14.77,14.27,12.95
1984-08-03,14.68,14.78,14.28,12.61
1984-08-10,14.54,14.64,14.14,12.68
1984-08-17,14.39,14.49,13.99,12.70
1984-08-24,14.36,14.46,13.96,12.66
1984-08-31,14.38,14.48,13.98,12.79
1984-09-07,14.42,14.52,14.02,12.70
1984-09-14,14.43,14.53,14.03,12.42
1984-09-21,14.29,14.39,13.89,12.45
1984-09-28,14.26,14.36,13.86,12.47
1984-10-05,14.18,14.28,13.78,12.39
1984-10-12,14.19,14.29,13.79,12.28
1984-10-19,14.10,14.2,13.7,11.93
1984-10-26,14.05,14.15,13.65,11.99
1984-11-02,13.85,13.95,13.45,11.66
1984-11-09,13.74,13.84,13.34,11.71
1984-11-16,13.63,13.73,13.23,11.69
1984-11-23,13.55,13.65,13.15,11.24
1984-11-30,13.42,13.52,13.02,11.58
1984-12-07,13.20,13.3,12.8,11.70
1984-12-14,13.20,13.3,12.8,11.56
1984-12-21,13.18,13.28,12.78,11.34
1984-12-28,13.14,13.24,12.74,11.46
1985-01-04,13.10,13.2,12.7,11.67
1985-01-11,13.12,13.22,12.72,11.59
1985-01-18,13.12,13.22,12.72,11.39
1985-01-25,12.96,13.06,12.56,11.11
1985-02-01,12.93,13.03,12.53,11.29
1985-02-08,12.91,13.01,12.51,11.37
1985-02-15,12.90,13,12.5,11.38
1985-02-22,12.94,13.04,12.54,11.76
1985-03-01,13.02,13.12,12.62,11.86
1985-03-08,13.10,13.2,12.7,11.71
1985-03-15,13.20,13.3,12.8,11.93
1985-03-22,13.24,13.34,12.84,11.88
1985-03-29,13.29,13.39,12.89,11.65
1985-04-05,13.27,13.37,12.87,
1985-04-12,13.23,13.33,12.83,11.43
1985-04-19,13.16,13.26,12.76,11.16
1985-04-26,13.12,13.22,12.72,11.35
1985-05-03,13.07,13.17,12.67,11.21
1985-05-10,13.02,13.12,12.62,11.04
1985-05-17,12.94,13.04,12.54,10.84
1985-05-24,12.83,12.93,12.43,10.57
1985-05-31,12.71,12.81,12.31,10.28
1985-06-07,12.39,12.49,11.99,10.19
1985-06-14,12.27,12.37,11.87,9.98
1985-06-21,12.05,12.15,11.65,10.34
1985-06-28,12.15,12.25,11.75,10.25
1985-07-05,12.13,12.23,11.73,9.93
1985-07-12,12.03,12.13,11.63,10.23
1985-07-19,11.94,12.04,11.54,10.34
1985-07-26,12.03,12.13,11.63,10.59
1985-08-02,12.17,12.27,11.77,10.66
1985-08-09,12.23,12.33,11.83,10.37
1985-08-16,12.24,12.34,11.84,10.26
1985-08-23,12.18,12.28,11.78,10.14
1985-08-30,12.11,12.21,11.71,10.28
1985-09-06,12.15,12.25,11.75,10.50
1985-09-13,12.24,12.34,11.84,10.40
1985-09-20,12.21,12.31,11.81,10.36
1985-09-27,12.17,12.27,11.77,
1985-10-04,12.17,12.27,11.77,10.36
1985-10-11,12.17,12.27,11.77,10.34
1985-10-18,12.13,12.23,11.73,10.17
1985-10-25,12.07,12.17,11.67,10.21
1985-11-01,12.01,12.11,11.61,9.98
1985-11-08,11.90,12,11.5,9.84
1985-11-15,11.79,11.89,11.39,9.92
1985-11-22,11.64,11.74,11.24,9.66
1985-11-29,11.58,11.68,11.18,9.59
1985-12-06,11.50,11.6,11.1,9.65
1985-12-13,11.31,11.41,10.91,9.21
1985-12-20,11.14,11.24,10.74,9.04
1985-12-27,11.09,11.19,10.69,8.99
1986-01-03,10.81,10.91,10.41,9.05
1986-01-10,10.77,10.87,10.37,9.39
1986-01-17,10.99,11.09,10.59,9.24
1986-01-24,10.97,11.07,10.57,9.23
1986-01-31,10.89,10.99,10.49,9.08
1986-02-07,10.85,10.95,10.45,9.11
1986-02-14,10.80,10.9,10.4,8.68
1986-02-21,10.68,10.78,10.28,8.48
1986-02-28,10.51,10.61,10.11,8.13
1986-03-07,10.20,10.3,9.8,7.96
1986-03-14,10.01,10.11,9.61,7.72
1986-03-21,10.01,10.11,9.61,7.80
1986-03-28,10.10,10.2,9.7,
1986-04-04,9.99,10.09,9.59,7.45
1986-04-11,9.98,10.08,9.58,7.29
1986-04-18,9.92,10.02,9.52,7.09
1986-04-25,9.86,9.96,9.46,7.58
1986-05-02,9.90,10,9.5,7.51
1986-05-09,10.00,10.1,9.6,7.48
1986-05-16,10.08,10.18,9.68,7.99
1986-05-23,10.36,10.46,9.96,7.84
1986-05-30,10.38,10.48,9.98,8.05
1986-06-06,10.74,10.84,10.34,7.95
1986-06-13,10.76,10.86,10.36,7.73
1986-06-20,10.61,10.71,10.21,7.60
1986-06-27,10.62,10.72,10.22,7.38
1986-07-04,10.61,10.71,10.21,
1986-07-11,10.59,10.69,10.19,7.30
1986-07-18,10.43,10.53,10.03,7.16
1986-07-25,10.40,10.5,10,7.33
1986-08-01,10.40,10.5,10,7.34
1986-08-08,10.40,10.5,10,7.30
1986-08-15,10.23,10.33,9.83,7.14
1986-08-22,10.04,10.14,9.64,7.07
1986-08-29,9.93,10.03,9.53,6.95
1986-09-05,9.90,10,9.5,7.32
1986-09-12,9.96,10.06,9.56,7.63
1986-09-19,10.07,10.17,9.67,7.67
1986-09-26,10.10,10.2,9.7,7.47
1986-10-03,10.08,10.18,9.68,7.31
1986-10-10,9.99,10.09,9.59,7.36
1986-10-17,9.96,10.06,9.56,7.57
1986-10-24,9.95,10.05,9.55,7.47
1986-10-31,9.89,9.99,9.49,7.34
1986-11-07,9.83,9.93,9.43,7.40
1986-11-14,9.81,9.91,9.41,7.29
1986-11-21,9.64,9.74,9.24,7.17
1986-11-28,9.50,9.6,9.1,7.15
1986-12-05,9.30,9.4,8.9,7.12
1986-12-12,9.35,9.45,8.95,7.13
1986-12-19,9.30,9.4,8.9,7.10
1986-12-26,9.29,9.39,8.89,7.08
1987-01-02,9.37,9.47,8.97,7.18
1987-01-09,9.32,9.42,8.92,7.01
1987-01-16,9.21,9.31,8.81,7.03
1987-01-23,9.04,9.14,8.64,7.06
1987-01-30,9.08,9.18,8.68,7.18
1987-02-06,9.06,9.16,8.66,7.19
1987-02-13,9.09,9.19,8.69,7.28
1987-02-20,9.11,9.21,8.71,7.24
1987-02-27,9.07,9.17,8.67,7.19
1987-03-06,9.03,9.13,8.63,7.23
1987-03-13,9.05,9.15,8.65,7.19
1987-03-20,9.03,9.13,8.63,7.22
1987-03-27,9.03,9.13,8.63,7.33
1987-04-03,9.26,9.36,8.86,7.59
1987-04-10,9.43,9.53,9.03,7.98
1987-04-17,10.27,10.37,9.87,
1987-04-24,10.37,10.47,9.97,8.47
1987-05-01,10.47,10.57,10.07,8.39
1987-05-08,10.52,10.62,10.12,8.43
1987-05-15,10.48,10.58,10.08,8.80
1987-05-22,10.81,10.91,10.41,8.78
1987-05-29,10.70,10.8,10.3,8.49
1987-06-05,10.70,10.8,10.3,8.50
1987-06-12,10.66,10.76,10.26,8.32
1987-06-19,10.44,10.54,10.04,8.30
1987-06-26,10.35,10.45,9.95,8.37
1987-07-03,10.36,10.46,9.96,
1987-07-10,10.30,10.4,9.9,8.32
1987-07-17,10.23,10.33,9.83,8.36
1987-07-24,10.23,10.33,9.83,8.58
1987-07-31,10.27,10.37,9.87,8.66
1987-08-07,10.35,10.45,9.95,8.70
1987-08-14,10.34,10.44,9.94,8.58
1987-08-21,10.30,10.4,9.9,8.77
1987-08-28,10.33,10.43,9.93,9.02
1987-09-04,10.63,10.73,10.23,9.30
1987-09-11,10.91,11.01,10.51,9.33
1987-09-18,10.99,11.09,10.59,9.38
1987-09-25,11.02,11.12,10.62,9.53
1987-10-02,11.18,11.28,10.78,9.60
1987-10-09,11.21,11.31,10.81,9.94
1987-10-16,11.58,11.68,11.18,10.23
1987-10-23,11.36,11.46,10.96,8.98
1987-10-30,10.97,11.07,10.57,8.88
1987-11-06,10.79,10.89,10.39,8.76
1987-11-13,10.66,10.76,10.26,8.84
1987-11-20,10.60,10.7,10.2,8.79
1987-11-27,10.55,10.65,10.15,9.11
1987-12-04,10.60,10.7,10.2,8.94
1987-12-11,10.66,10.76,10.26,9.28
1987-12-18,10.69,10.79,10.29,8.89
1987-12-25,10.64,10.74,10.24,
1987-12-31,10.61,10.71,10.21,8.83
1988-01-08,10.50,10.6,10.1,8.97
1988-01-15,10.53,10.63,10.13,8.60
1988-01-22,10.34,10.44,9.94,8.49
1988-01-29,10.16,10.26,9.76,8.26
1988-02-05,9.94,10.04,9.54,8.12
1988-02-12,9.84,9.94,9.44,8.28
1988-02-19,9.92,10.02,9.52,8.26
1988-02-26,9.87,9.97,9.47,8.18
1988-03-04,9.85,9.95,9.45,8.28
1988-03-11,9.96,10.06,9.56,8.29
1988-03-18,9.92,10.02,9.52,8.41
1988-03-25,9.99,10.09,9.59,8.47
1988-04-01,10.05,10.15,9.65,
1988-04-08,10.19,10.29,9.79,8.52
1988-04-15,10.19,10.29,9.79,8.74
1988-04-22,10.30,10.4,9.9,8.78
1988-04-29,10.28,10.38,9.88,8.87
1988-05-06,10.32,10.42,9.92,9.01
1988-05-13,10.40,10.5,10,9.00
1988-05-20,10.52,10.62,10.12,9.22
1988-05-27,10.58,10.68,10.18,9.24
1988-06-03,10.58,10.68,10.18,8.97
1988-06-10,10.51,10.61,10.11,8.92
1988-06-17,10.35,10.45,9.95,9.02
1988-06-24,10.40,10.5,10,8.85
1988-07-01,10.39,10.49,9.99,8.77
1988-07-08,10.38,10.48,9.98,9.04
1988-07-15,10.44,10.54,10.04,9.08
1988-07-22,10.46,10.56,10.06,9.11
1988-07-29,10.49,10.59,10.09,9.12
1988-08-05,10.44,10.54,10.04,9.12
1988-08-12,10.57,10.67,10.17,9.36
1988-08-19,10.71,10.81,10.31,9.35
1988-08-26,10.67,10.77,10.27,9.38
1988-09-02,10.65,10.75,10.25,9.00
1988-09-09,10.53,10.63,10.13,8.93
1988-09-16,10.40,10.5,10,8.93
1988-09-23,10.40,10.5,10,8.97
1988-09-30,10.42,10.52,10.02,8.87
1988-10-07,10.38,10.48,9.98,8.70
1988-10-14,10.33,10.43,9.93,8.81
1988-10-21,10.28,10.38,9.88,8.83
1988-10-28,10.22,10.32,9.82,8.69
1988-11-04,10.12,10.22,9.72,8.85
1988-11-11,10.24,10.34,9.84,
1988-11-18,10.31,10.41,9.91,9.05
1988-11-25,10.39,10.49,9.99,9.17
1988-12-02,10.44,10.54,10.04,9.18
1988-12-09,10.46,10.56,10.06,9.07
1988-12-16,10.71,10.81,10.31,9.17
1988-12-23,10.68,10.78,10.28,9.05
1988-12-30,10.77,10.87,10.37,9.14
1989-01-06,10.80,10.9,10.4,9.25
1989-01-13,10.81,10.91,10.41,9.06
1989-01-20,10.71,10.81,10.31,9.03
1989-01-27,10.60,10.7,10.2,8.95
1989-02-03,10.55,10.65,10.15,9.01
1989-02-10,10.56,10.66,10.16,9.19
1989-02-17,10.69,10.79,10.29,9.20
1989-02-24,10.78,10.88,10.38,9.38
1989-03-03,10.91,11.01,10.51,9.31
1989-03-10,10.86,10.96,10.46,9.34
1989-03-17,10.98,11.08,10.58,9.49
1989-03-24,11.22,11.32,10.82,
1989-03-31,11.19,11.29,10.79,9.30
1989-04-07,11.07,11.17,10.67,9.27
1989-04-14,11.11,11.21,10.71,9.18
1989-04-21,10.99,11.09,10.59,9.15
1989-04-28,11.03,11.13,10.63,9.02
1989-05-05,10.97,11.07,10.57,8.99
1989-05-12,10.93,11.03,10.53,8.81
1989-05-19,10.69,10.79,10.29,8.71
1989-05-26,10.50,10.6,10.1,8.66
1989-06-02,10.48,10.58,10.08,8.43
1989-06-09,10.20,10.3,9.8,8.15
1989-06-16,10.04,10.14,9.64,8.35
1989-06-23,10.19,10.29,9.79,8.25
1989-06-30,10.07,10.17,9.67,8.10
1989-07-07,10.03,10.13,9.63,8.02
1989-07-14,9.82,9.92,9.42,8.04
1989-07-21,9.87,9.97,9.47,8.07
1989-07-28,9.81,9.91,9.41,7.87
1989-08-04,9.68,9.78,9.28,8.00
1989-08-11,9.96,10.06,9.56,8.09
1989-08-18,10.09,10.19,9.69,8.15
1989-08-25,10.21,10.31,9.81,8.21
1989-09-01,10.22,10.32,9.82,8.19
1989-09-08,10.17,10.27,9.77,8.14
1989-09-15,10.05,10.15,9.65,8.09
1989-09-22,10.03,10.13,9.63,8.22
1989-09-29,10.16,10.26,9.76,8.31
1989-10-06,10.10,10.2,9.7,8.03
1989-10-13,9.95,10.05,9.55,7.87
1989-10-20,9.92,10.02,9.52,7.98
1989-10-27,9.82,9.92,9.42,7.94
1989-11-03,9.82,9.92,9.42,7.96
1989-11-10,9.79,9.89,9.39,7.92
1989-11-17,9.72,9.82,9.32,7.88
1989-11-24,9.74,9.84,9.34,7.80
1989-12-01,9.74,9.84,9.34,7.81
1989-12-08,9.76,9.86,9.36,7.82
1989-12-15,9.75,9.85,9.35,7.80
1989-12-22,9.69,9.79,9.29,7.82
1989-12-29,9.78,9.88,9.38,7.93
1990-01-05,9.83,9.93,9.43,7.99
1990-01-12,9.80,9.9,9.4,8.10
1990-01-19,9.90,10,9.5,8.26
1990-01-26,10.05,10.15,9.65,8.49
1990-02-02,10.17,10.27,9.77,8.50
1990-02-09,10.21,10.31,9.81,8.31
1990-02-16,10.10,10.2,9.7,8.42
1990-02-23,10.31,10.41,9.91,8.53
1990-03-02,10.23,10.33,9.83,8.54
1990-03-09,10.29,10.39,9.89,8.65
1990-03-16,10.34,10.44,9.94,8.59
1990-03-23,10.26,10.36,9.86,8.52
1990-03-30,10.22,10.32,9.82,8.65
1990-04-06,10.26,10.36,9.86,8.56
1990-04-13,10.25,10.35,9.85,
1990-04-20,10.41,10.51,10.01,8.95
1990-04-27,10.56,10.66,10.16,9.06
1990-05-04,10.67,10.77,10.27,8.84
1990-05-11,10.54,10.64,10.14,8.64
1990-05-18,10.37,10.47,9.97,8.75
1990-05-25,10.33,10.43,9.93,8.69
1990-06-01,10.29,10.39,9.89,8.44
1990-06-08,10.10,10.2,9.7,8.46
1990-06-15,10.12,10.22,9.72,8.46
1990-06-22,10.16,10.26,9.76,8.51
1990-06-29,10.15,10.25,9.75,8.43
1990-07-06,10.06,10.16,9.66,8.51
1990-07-13,10.11,10.21,9.71,8.45
1990-07-20,9.99,10.09,9.59,8.48
1990-07-27,9.98,10.08,9.58,8.42
1990-08-03,9.84,9.94,9.44,8.43
1990-08-10,10.08,10.18,9.68,8.68
1990-08-17,10.05,10.15,9.65,8.80
1990-08-24,10.29,10.39,9.89,9.05
1990-08-31,10.24,10.34,9.84,8.86
1990-09-07,10.19,10.29,9.79,8.81
1990-09-14,10.13,10.23,9.73,8.87
1990-09-21,10.16,10.26,9.76,8.99
1990-09-28,10.22,10.32,9.82,8.82
1990-10-05,10.08,10.18,9.68,8.65
1990-10-12,10.22,10.32,9.82,8.84
1990-10-19,10.24,10.34,9.84,8.62
1990-10-26,10.17,10.27,9.77,8.63
1990-11-02,10.13,10.23,9.73,8.57
1990-11-09,10.09,10.19,9.69,8.49
1990-11-16,10.02,10.12,9.62,8.30
1990-11-23,9.93,10.03,9.53,8.28
1990-11-30,9.90,10,9.5,8.26
1990-12-07,9.81,9.91,9.41,8.03
1990-12-14,9.56,9.66,9.16,8.05
1990-12-21,9.64,9.74,9.24,8.11
1990-12-28,9.68,9.78,9.28,8.14
1991-01-04,9.56,9.66,9.16,8.02
1991-01-11,9.63,9.73,9.23,8.20
1991-01-18,9.75,9.85,9.35,8.03
1991-01-25,9.61,9.71,9.21,8.06
1991-02-01,9.56,9.66,9.16,7.91
1991-02-08,9.36,9.46,8.96,7.77
1991-02-15,9.25,9.35,8.85,7.78
1991-02-22,9.29,9.39,8.89,7.91
1991-03-01,9.40,9.5,9,8.12
1991-03-08,9.49,9.59,9.09,8.13
1991-03-15,9.50,9.6,9.1,8.10
1991-03-22,9.59,9.69,9.19,8.13
1991-03-29,9.52,9.62,9.12,
1991-04-05,9.49,9.59,9.09,7.99
1991-04-12,9.48,9.58,9.08,7.98
1991-04-19,9.47,9.57,9.07,8.10
1991-04-26,9.53,9.63,9.13,8.06
1991-05-03,9.47,9.57,9.07,8.04
1991-05-10,9.47,9.57,9.07,8.12
1991-05-17,9.50,9.6,9.1,8.08
1991-05-24,9.47,9.57,9.07,8.10
1991-05-31,9.45,9.55,9.05,8.06
1991-06-07,9.48,9.58,9.08,8.29
1991-06-14,9.66,9.76,9.26,8.29
1991-06-21,9.65,9.75,9.25,8.32
1991-06-28,9.67,9.77,9.27,8.24
1991-07-05,9.62,9.72,9.22,8.34
1991-07-12,9.64,9.74,9.24,8.26
1991-07-19,9.54,9.64,9.14,8.28
1991-07-26,9.50,9.6,9.1,8.20
1991-08-02,9.44,9.54,9.04,8.06
1991-08-09,9.27,9.37,8.87,7.98
1991-08-16,9.19,9.29,8.79,7.84
1991-08-23,9.17,9.27,8.77,7.88
1991-08-30,9.15,9.25,8.75,7.82
1991-09-06,9.14,9.24,8.74,7.76
1991-09-13,9.02,9.12,8.62,7.66
1991-09-20,8.95,9.05,8.55,7.57
1991-09-27,8.92,9.02,8.52,7.49
1991-10-04,8.87,8.97,8.47,7.39
1991-10-11,8.82,8.92,8.42,7.49
1991-10-18,8.82,8.92,8.42,7.53
1991-10-25,8.91,9.01,8.51,7.68
1991-11-01,8.78,8.88,8.38,7.48
1991-11-08,8.76,8.86,8.36,7.41
1991-11-15,8.69,8.79,8.29,7.33
1991-11-22,8.63,8.73,8.23,7.44
1991-11-29,8.70,8.8,8.3,7.38
1991-12-06,8.62,8.72,8.22,7.26
1991-12-13,8.53,8.63,8.13,7.22
1991-12-20,8.49,8.59,8.09,6.97
1991-12-27,8.35,8.45,7.95,6.82
1992-01-03,8.24,8.34,7.84,6.85
1992-01-10,8.23,8.33,7.83,6.85
1992-01-17,8.45,8.55,8.05,7.09
1992-01-24,8.56,8.66,8.16,7.25
1992-01-31,8.68,8.78,8.28,7.31
1992-02-07,8.67,8.77,8.27,7.20
1992-02-14,8.73,8.83,8.33,7.41
1992-02-21,8.82,8.92,8.42,7.45
1992-02-28,8.83,8.93,8.43,7.27
1992-03-06,8.85,8.95,8.45,7.48
1992-03-13,8.88,8.98,8.48,7.71
1992-03-20,9.03,9.13,8.63,7.64
1992-03-27,8.98,9.08,8.58,7.54
1992-04-03,8.96,9.06,8.56,7.42
1992-04-10,8.84,8.94,8.44,7.37
1992-04-17,8.76,8.86,8.36,
1992-04-24,8.85,8.95,8.45,7.55
1992-05-01,8.84,8.94,8.44,7.56
1992-05-08,8.75,8.85,8.35,7.41
1992-05-15,8.64,8.74,8.24,7.28
1992-05-22,8.53,8.63,8.13,7.35
1992-05-29,8.60,8.7,8.2,7.33
1992-06-05,8.59,8.69,8.19,7.31
1992-06-12,8.54,8.64,8.14,7.29
1992-06-19,8.48,8.58,8.08,7.24
1992-06-26,8.43,8.53,8.03,7.15
1992-07-03,8.29,8.39,7.89,
1992-07-10,8.13,8.23,7.73,6.93
1992-07-17,8.09,8.19,7.69,6.90
1992-07-24,8.08,8.18,7.68,6.73
1992-07-31,8.05,8.15,7.65,6.72
1992-08-07,8.06,8.16,7.66,6.57
1992-08-14,7.96,8.06,7.56,6.53
1992-08-21,7.87,7.97,7.47,6.53
1992-08-28,8.01,8.11,7.61,6.63
1992-09-04,7.94,8.04,7.54,6.40
1992-09-11,7.84,7.94,7.44,6.37
1992-09-18,7.89,7.99,7.49,6.41
1992-09-24,8.02,8.12,7.62,6.48
1992-10-02,7.93,8.03,7.53,6.26
1992-10-09,8.01,8.11,7.61,6.52
1992-10-16,8.06,8.16,7.66,6.60
1992-10-23,8.23,8.33,7.83,6.83
1992-10-30,8.21,8.31,7.81,6.80
1992-11-06,8.29,8.39,7.89,6.97
1992-11-13,8.32,8.42,7.92,6.82
1992-11-20,8.32,8.42,7.92,6.84
1992-11-27,8.29,8.39,7.89,6.93
1992-12-04,8.34,8.44,7.94,6.84
1992-12-11,8.23,8.33,7.83,6.80
1992-12-18,8.19,8.29,7.79,6.76
1992-12-25,8.13,8.23,7.73,
1992-12-31,8.14,8.24,7.74,6.70
1993-01-08,8.07,8.17,7.67,6.75
1993-01-15,8.04,8.14,7.64,6.60
1993-01-22,8.00,8.1,7.6,6.57
1993-01-29,7.86,7.96,7.46,6.39
1993-02-05,7.80,7.9,7.4,6.32
1993-02-12,7.75,7.85,7.35,6.35
1993-02-19,7.65,7.75,7.25,6.15
1993-02-26,7.53,7.63,7.13,6.03
1993-03-05,7.44,7.54,7.04,5.90
1993-03-12,7.47,7.57,7.07,6.11
1993-03-19,7.57,7.67,7.17,5.95
1993-03-26,7.50,7.6,7.1,6.09
1993-04-02,7.53,7.63,7.13,6.16
1993-04-09,7.57,7.67,7.17,
1993-04-16,7.45,7.55,7.05,5.89
1993-04-23,7.38,7.48,6.98,5.89
1993-04-30,7.43,7.53,7.03,6.05
1993-05-07,7.42,7.52,7.02,5.92
1993-05-14,7.42,7.52,7.02,6.03
1993-05-21,7.52,7.62,7.12,6.16
1993-05-28,7.50,7.6,7.1,6.16
1993-06-04,7.47,7.57,7.07,6.11
1993-06-11,7.48,7.58,7.08,5.97
1993-06-18,7.38,7.48,6.98,5.97
1993-06-25,7.34,7.44,6.94,5.84
1993-07-02,7.23,7.33,6.83,5.76
1993-07-09,7.19,7.29,6.79,5.76
1993-07-16,7.16,7.26,6.76,5.71
1993-07-23,7.20,7.3,6.8,5.95
1993-07-30,7.25,7.35,6.85,5.83
1993-08-06,7.21,7.31,6.81,5.86
1993-08-13,7.17,7.27,6.77,5.72
1993-08-20,7.10,7.2,6.7,5.61
1993-08-27,6.97,7.07,6.57,5.48
1993-09-03,6.93,7.03,6.53,5.31
1993-09-10,6.82,6.92,6.42,5.29
1993-09-17,6.96,7.06,6.56,5.38
1993-09-24,6.95,7.05,6.55,5.42
1993-10-01,6.89,6.99,6.49,5.34
1993-10-08,6.87,6.97,6.47,5.26
1993-10-15,6.81,6.91,6.41,5.19
1993-10-22,6.74,6.84,6.34,5.42
1993-10-29,6.86,6.96,6.46,5.43
1993-11-05,7.11,7.21,6.71,5.75
1993-11-12,7.12,7.22,6.72,5.66
1993-11-19,7.08,7.18,6.68,5.84
1993-11-26,7.31,7.41,6.91,5.78
1993-12-04,7.25,7.35,6.85,
1993-12-10,7.14,7.24,6.74,5.73
1993-12-17,7.17,7.27,6.77,5.81
1993-12-24,7.17,7.27,6.77,
1993-12-31,7.13,7.23,6.73,5.83
1994-01-07,7.23,7.33,6.83,5.70
1994-01-14,6.99,7.09,6.59,5.78
1994-01-21,7.05,7.15,6.65,5.73
1994-01-28,6.97,7.07,6.57,5.68
1994-02-04,6.97,7.07,6.57,5.94
1994-02-11,7.21,7.31,6.81,5.88
1994-02-18,7.11,7.21,6.71,6.09
1994-02-25,7.32,7.42,6.92,6.21
1994-03-04,7.51,7.61,7.11,6.38
1994-03-11,7.63,7.73,7.23,6.46
1994-03-18,7.76,7.86,7.36,6.49
1994-03-25,7.80,7.9,7.4,6.61
1994-04-01,8.04,8.14,7.64,
1994-04-08,8.47,8.57,8.07,6.94
1994-04-15,8.26,8.36,7.86,6.97
1994-04-22,8.49,8.59,8.09,6.93
1994-04-29,8.32,8.42,7.92,7.06
1994-05-06,8.53,8.63,8.13,7.35
1994-05-13,8.77,8.87,8.37,7.29
1994-05-20,8.56,8.66,8.16,7.02
1994-05-27,8.53,8.63,8.13,7.12
1994-06-03,8.55,8.65,8.15,6.98
1994-06-10,8.25,8.35,7.85,7.03
1994-06-17,8.33,8.43,7.93,7.14
1994-06-24,8.46,8.56,8.06,7.22
1994-07-01,8.57,8.67,8.17,7.34
1994-07-08,8.68,8.78,8.28,7.42
1994-07-15,8.72,8.82,8.32,7.25
1994-07-22,8.53,8.63,8.13,7.29
1994-07-29,8.57,8.67,8.17,7.12
1994-08-05,8.38,8.48,7.98,7.28
1994-08-12,8.57,8.67,8.17,7.27
1994-08-19,8.54,8.64,8.14,7.27
1994-08-26,8.56,8.66,8.16,7.24
1994-09-02,8.48,8.58,8.08,7.21
1994-09-09,8.51,8.61,8.11,7.44
1994-09-16,8.66,8.76,8.26,7.52
1994-09-23,8.73,8.83,8.33,7.57
1994-09-30,8.82,8.92,8.42,7.62
1994-10-07,8.89,8.99,8.49,7.70
1994-10-14,8.93,9.03,8.53,7.61
1994-10-21,8.85,8.95,8.45,7.81
1994-10-28,9.03,9.13,8.63,7.82
1994-11-04,9.05,9.15,8.65,8.04
1994-11-11,9.19,9.29,8.79,
1994-11-18,9.19,9.29,8.79,8.01
1994-11-25,9.25,9.35,8.85,7.80
1994-12-02,9.23,9.33,8.83,7.81
1994-12-09,9.15,9.25,8.75,7.79
1994-12-16,9.25,9.35,8.85,7.81
1994-12-23,9.18,9.28,8.78,7.85
1994-12-30,9.18,9.28,8.78,7.84
1995-01-06,9.22,9.32,8.82,7.87
1995-01-13,9.19,9.29,8.79,7.69
1995-01-20,9.05,9.15,8.65,7.82
1995-01-27,9.13,9.23,8.73,7.66
1995-02-03,8.94,9.04,8.54,7.49
1995-02-10,8.80,8.9,8.4,7.62
1995-02-17,8.84,8.94,8.44,7.43
1995-02-24,8.73,8.83,8.33,7.33
1995-03-03,8.53,8.63,8.13,7.36
1995-03-10,8.62,8.72,8.22,7.23
1995-03-17,8.38,8.48,7.98,7.12
1995-03-24,8.40,8.5,8,7.09
1995-03-31,8.38,8.48,7.98,7.20
1995-04-07,8.41,8.51,8.01,7.11
1995-04-14,8.37,8.47,7.97,
1995-04-21,8.24,8.34,7.84,7.01
1995-04-28,8.26,8.36,7.86,7.07
1995-05-05,8.27,8.37,7.87,6.69
1995-05-12,7.87,7.97,7.47,6.67
1995-05-19,7.83,7.93,7.43,6.61
1995-05-26,7.85,7.95,7.45,6.40
1995-06-02,7.71,7.81,7.31,6.10
1995-06-09,7.51,7.61,7.11,6.40
1995-06-16,7.55,7.65,7.15,6.21
1995-06-23,7.53,7.63,7.13,6.06
1995-06-30,7.53,7.63,7.13,6.21
1995-07-07,7.63,7.73,7.23,6.04
1995-07-14,7.41,7.51,7.01,6.15
1995-07-21,7.60,7.7,7.2,6.53
1995-07-28,7.79,7.89,7.39,6.49
1995-08-04,7.82,7.92,7.42,6.50
1995-08-11,7.80,7.9,7.4,6.59
1995-08-18,7.94,8.04,7.54,6.57
1995-08-25,7.88,7.98,7.48,6.38
1995-09-01,7.76,7.86,7.36,6.22
1995-09-08,7.63,7.73,7.23,6.24
1995-09-15,7.60,7.7,7.2,6.11
1995-09-22,7.57,7.67,7.17,6.25
1995-09-29,7.62,7.72,7.22,6.17
1995-10-06,7.57,7.67,7.17,6.06
1995-10-13,7.50,7.6,7.1,5.97
1995-10-20,7.38,7.48,6.98,6.04
1995-10-27,7.45,7.55,7.05,6.05
1995-11-03,7.44,7.54,7.04,5.94
1995-11-09,7.37,7.47,6.97,5.97
1995-11-17,7.35,7.45,6.95,5.92
1995-11-24,7.35,7.45,6.95,5.91
1995-12-01,7.33,7.43,6.93,5.71
1995-12-08,7.18,7.28,6.78,5.73
1995-12-15,7.15,7.25,6.75,5.75
1995-12-22,7.23,7.33,6.83,5.71
1995-12-29,7.11,7.21,6.71,5.58
1996-01-05,7.02,7.12,6.62,5.69
1996-01-12,7.08,7.18,6.68,5.75
1996-01-19,7.02,7.12,6.62,5.54
1996-01-26,7.00,7.1,6.6,5.65
1996-02-02,7.02,7.12,6.62,5.66
1996-02-09,7.02,7.12,6.62,5.66
1996-02-16,6.94,7.04,6.54,5.76
1996-02-23,7.32,7.42,6.92,5.97
1996-03-01,7.41,7.51,7.01,5.99
1996-03-08,7.38,7.48,6.98,6.41
1996-03-15,7.83,7.93,7.43,6.46
1996-03-22,7.81,7.91,7.41,6.32
1996-03-29,7.69,7.79,7.29,6.34
1996-04-05,7.78,7.88,7.38,6.57
1996-04-12,8.05,8.15,7.65,6.52
1996-04-19,7.95,8.05,7.55,6.53
1996-04-26,7.92,8.02,7.52,6.54
1996-05-03,7.99,8.09,7.59,6.90
1996-05-10,8.24,8.34,7.84,6.75
1996-05-17,8.08,8.18,7.68,6.65
1996-05-24,8.01,8.11,7.61,6.65
1996-05-31,8.03,8.13,7.63,6.85
1996-06-07,8.30,8.4,7.9,6.93
1996-06-14,8.39,8.49,7.99,6.95
1996-06-21,8.30,8.4,7.9,6.96
1996-06-28,8.29,8.39,7.89,6.73
1996-07-05,8.14,8.24,7.74,7.06
1996-07-12,8.42,8.52,8.02,6.85
1996-07-19,8.23,8.33,7.83,6.78
1996-07-26,8.19,8.29,7.79,6.85
1996-08-02,8.23,8.33,7.83,6.51
1996-08-09,7.88,7.98,7.48,6.50
1996-08-16,7.88,7.98,7.48,6.56
1996-08-23,7.93,8.03,7.53,6.72
1996-08-30,8.09,8.19,7.69,6.96
1996-09-06,8.34,8.44,7.94,6.94
1996-09-13,8.28,8.38,7.88,6.74
1996-09-20,8.14,8.24,7.74,6.85
1996-09-27,8.16,8.26,7.76,6.68
1996-10-04,8.06,8.16,7.66,6.48
1996-10-11,7.86,7.96,7.46,6.55
1996-10-18,7.88,7.98,7.48,6.50
1996-10-25,7.86,7.96,7.46,6.54
1996-11-01,7.78,7.88,7.38,6.38
1996-11-08,7.67,7.77,7.27,6.29
1996-11-15,7.59,7.69,7.19,6.19
1996-11-22,7.53,7.63,7.13,6.15
1996-11-29,7.52,7.62,7.12,6.06
1996-12-06,7.44,7.54,7.04,6.26
1996-12-13,7.57,7.67,7.17,6.33
1996-12-20,7.74,7.84,7.34,6.35
1996-12-27,7.64,7.74,7.24,6.30
1997-01-03,7.67,7.77,7.27,6.52
1997-01-10,7.85,7.95,7.45,6.63
1997-01-17,7.87,7.97,7.47,6.56
1997-01-24,7.85,7.95,7.45,6.64
1997-01-31,7.88,7.98,7.48,6.53
1997-02-07,7.74,7.84,7.34,6.43
1997-02-14,7.65,7.75,7.25,6.28
1997-02-21,7.56,7.66,7.16,6.36
1997-02-28,7.65,7.75,7.25,6.56
1997-03-07,7.84,7.94,7.44,6.57
1997-03-14,7.84,7.94,7.44,6.71
1997-03-21,7.94,8.04,7.54,6.74
1997-03-28,7.97,8.07,7.57,
1997-04-04,8.18,8.28,7.78,6.92
1997-04-11,8.15,8.25,7.75,6.98
1997-04-18,8.16,8.26,7.76,6.84
1997-04-25,8.08,8.18,7.68,6.94
1997-05-02,8.01,8.11,7.61,6.68
1997-05-09,7.94,8.04,7.54,6.67
1997-05-16,7.91,8.01,7.51,6.70
1997-05-23,7.92,8.02,7.52,6.74
1997-05-30,7.94,8.04,7.54,6.67
1997-06-06,7.85,7.95,7.45,6.51
1997-06-13,7.72,7.82,7.32,6.43
1997-06-20,7.61,7.71,7.21,6.37
1997-06-27,7.58,7.68,7.18,6.46
1997-07-04,7.62,7.72,7.22,
1997-07-11,7.47,7.57,7.07,6.23
1997-07-18,7.47,7.57,7.07,6.24
1997-07-25,7.43,7.53,7.03,6.18
1997-08-01,7.36,7.46,6.96,6.20
1997-08-08,7.46,7.56,7.06,6.38
1997-08-15,7.54,7.64,7.14,6.27
1997-08-22,7.46,7.56,7.06,6.38
1997-08-29,7.58,7.68,7.18,6.34
1997-09-05,7.53,7.63,7.13,6.37
1997-09-12,7.53,7.63,7.13,6.29
1997-09-19,7.38,7.48,6.98,6.09
1997-09-26,7.28,7.38,6.88,6.08
1997-10-03,7.31,7.41,6.91,6.01
1997-10-10,7.26,7.36,6.86,6.15
1997-10-17,7.34,7.44,6.94,6.17
1997-10-24,7.35,7.45,6.95,6.01
1997-10-31,7.21,7.31,6.81,5.84
1997-11-07,7.24,7.34,6.84,5.90
1997-11-14,7.23,7.33,6.83,5.86
1997-11-21,7.18,7.28,6.78,5.82
1997-11-28,7.17,7.27,6.77,5.86
1997-12-05,7.15,7.25,6.75,5.92
1997-12-12,7.17,7.27,6.77,5.74
1997-12-19,7.07,7.17,6.67,5.72
1997-12-26,6.99,7.09,6.59,5.75
1998-01-02,7.03,7.13,6.63,5.67
1998-01-09,6.94,7.04,6.54,5.40
1998-01-16,6.89,6.99,6.49,5.54
1998-01-23,6.99,7.09,6.59,5.70
1998-01-30,7.12,7.22,6.72,5.53
1998-02-06,7.03,7.13,6.63,5.62
1998-02-13,7.06,7.16,6.66,5.49
1998-02-20,6.99,7.09,6.59,5.54
1998-02-28,7.09,7.19,6.69,
1998-03-06,7.19,7.29,6.79,5.73
1998-03-13,7.16,7.26,6.76,5.58
1998-03-20,7.08,7.18,6.68,5.57
1998-03-27,7.08,7.18,6.68,5.68
1998-04-03,7.15,7.25,6.75,5.47
1998-04-10,7.09,7.19,6.69,
1998-04-17,7.17,7.27,6.77,5.59
1998-04-24,7.15,7.25,6.75,5.67
1998-05-01,7.22,7.32,6.82,5.67
1998-05-08,7.14,7.24,6.74,5.71
1998-05-15,7.19,7.29,6.79,5.68
1998-05-22,7.10,7.2,6.7,5.64
1998-05-29,7.07,7.17,6.67,5.56
1998-06-05,7.05,7.15,6.65,5.58
1998-06-12,7.04,7.14,6.64,5.43
1998-06-19,6.94,7.04,6.54,5.47
1998-06-26,6.96,7.06,6.56,5.46
1998-07-03,6.98,7.08,6.58,
1998-07-10,6.91,7.01,6.51,5.42
1998-07-17,6.94,7.04,6.54,5.51
1998-07-24,6.96,7.06,6.56,5.45
1998-07-31,6.97,7.07,6.57,5.50
1998-08-07,6.94,7.04,6.54,5.40
1998-08-14,6.91,7.01,6.51,5.40
1998-08-21,6.92,7.02,6.52,5.32
1998-08-28,6.92,7.02,6.52,5.09
1998-09-04,6.82,6.92,6.42,5.02
1998-09-11,6.77,6.87,6.37,4.85
1998-09-18,6.66,6.76,6.26,4.70
1998-09-25,6.64,6.74,6.24,4.60
1998-10-02,6.60,6.7,6.2,4.31
1998-10-09,6.49,6.59,6.09,4.77
1998-10-16,6.90,7,6.5,4.44
1998-10-23,6.73,6.83,6.33,4.70
1998-10-30,6.83,6.93,6.43,4.64
1998-11-06,6.89,6.99,6.49,4.93
1998-11-13,6.93,7.03,6.53,4.82
1998-11-20,6.86,6.96,6.46,4.82
1998-11-27,6.78,6.88,6.38,4.81
1998-12-04,6.71,6.81,6.31,4.62
1998-12-11,6.69,6.79,6.29,4.61
1998-12-18,6.69,6.79,6.29,4.58
1998-12-25,6.77,6.87,6.37,
1998-12-31,6.83,6.93,6.43,4.65
1999-01-08,6.79,6.89,6.39,4.86
1999-01-15,6.83,6.93,6.43,4.66
1999-01-22,6.78,6.88,6.38,4.64
1999-01-29,6.74,6.84,6.34,4.66
1999-02-05,6.75,6.85,6.35,4.94
1999-02-12,6.77,6.87,6.37,5.06
1999-02-19,6.82,6.92,6.42,5.07
1999-02-26,6.89,6.99,6.49,5.29
1999-03-05,7.06,7.16,6.66,5.34
1999-03-12,7.11,7.21,6.71,5.16
1999-03-19,7.01,7.11,6.61,5.17
1999-03-26,6.98,7.08,6.58,5.21
1999-04-02,6.98,7.08,6.58,5.20
1999-04-09,6.92,7.02,6.52,5.05
1999-04-16,6.87,6.97,6.47,5.23
1999-04-23,6.88,6.98,6.48,5.26
1999-04-30,6.93,7.03,6.53,5.36
1999-05-07,7.02,7.12,6.62,5.54
1999-05-14,7.10,7.2,6.7,5.62
1999-05-21,7.23,7.33,6.83,5.52
1999-05-28,7.23,7.33,6.83,5.64
1999-06-04,7.41,7.51,7.01,5.82
1999-06-11,7.51,7.61,7.11,6.02
1999-06-18,7.65,7.75,7.25,5.84
1999-06-25,7.63,7.73,7.23,6.02
1999-07-02,7.71,7.81,7.31,5.82
1999-07-09,7.65,7.75,7.25,5.84
1999-07-16,7.58,7.68,7.18,5.68
1999-07-23,7.52,7.62,7.12,5.84
1999-07-30,7.70,7.8,7.3,5.92
1999-08-06,7.89,7.99,7.49,6.02
1999-08-13,8.15,8.25,7.75,5.98
1999-08-20,7.93,8.03,7.53,5.88
1999-08-27,7.80,7.9,7.4,5.85
1999-09-03,7.83,7.93,7.43,5.89
1999-09-10,7.88,7.98,7.48,5.89
1999-09-17,7.82,7.92,7.42,5.87
1999-09-24,7.76,7.86,7.36,5.75
1999-10-01,7.70,7.8,7.3,6.00
1999-10-08,7.82,7.92,7.42,6.04
1999-10-15,7.85,7.95,7.45,6.09
1999-10-22,7.93,8.03,7.53,6.21
1999-10-29,7.96,8.06,7.56,6.02
1999-11-05,7.84,7.94,7.44,5.92
1999-11-12,7.67,7.77,7.27,5.93
1999-11-19,7.69,7.79,7.29,6.07
1999-11-26,7.75,7.85,7.35,6.12
1999-12-03,7.84,7.94,7.44,6.17
1999-12-10,7.84,7.94,7.44,6.08
1999-12-17,7.86,7.96,7.46,6.30
1999-12-24,7.96,8.06,7.56,
1999-12-31,8.06,8.16,7.66,6.45
2000-01-07,8.15,8.25,7.75,6.52
2000-01-14,8.18,8.28,7.78,6.69
2000-01-21,8.26,8.36,7.86,6.79
2000-01-28,8.25,8.35,7.85,6.66
2000-02-04,8.25,8.35,7.85,6.53
2000-02-11,8.36,8.46,7.96,6.63
2000-02-18,8.38,8.48,7.98,6.49
2000-02-25,8.31,8.41,7.91,6.36
2000-03-03,8.27,8.37,7.87,6.39
2000-03-10,8.23,8.33,7.83,6.39
2000-03-17,8.24,8.34,7.84,6.20
2000-03-24,8.23,8.33,7.83,6.20
2000-03-31,8.23,8.33,7.83,6.03
2000-04-07,8.20,8.3,7.8,5.86
2000-04-14,8.12,8.22,7.72,5.85
2000-04-21,8.16,8.26,7.76,
2000-04-28,8.13,8.23,7.73,6.23
2000-05-05,8.28,8.38,7.88,6.51
2000-05-12,8.52,8.62,8.12,6.51
2000-05-19,8.64,8.74,8.24,6.51
2000-05-26,8.62,8.72,8.22,6.33
2000-06-02,8.54,8.64,8.14,6.15
2000-06-09,8.32,8.42,7.92,6.13
2000-06-16,8.22,8.32,7.82,5.99
2000-06-23,8.14,8.24,7.74,6.19
2000-06-30,8.22,8.32,7.82,6.03
2000-07-07,8.16,8.26,7.76,6.01
2000-07-14,8.09,8.19,7.69,6.10
2000-07-21,8.21,8.31,7.81,6.01
2000-07-28,8.13,8.23,7.73,6.04
2000-08-04,8.12,8.22,7.72,5.91
2000-08-11,8.04,8.14,7.64,5.79
2000-08-18,7.96,8.06,7.56,5.78
2000-08-25,7.99,8.09,7.59,5.73
2000-09-01,7.96,8.06,7.56,5.68
2000-09-08,7.94,8.04,7.54,5.73
2000-09-15,7.88,7.98,7.48,5.84
2000-09-22,7.90,8,7.5,5.85
2000-09-29,7.88,7.98,7.48,5.80
2000-10-06,7.83,7.93,7.43,5.82
2000-10-13,7.84,7.94,7.44,5.73
2000-10-20,7.83,7.93,7.43,5.64
2000-10-27,7.68,7.78,7.28,5.72
2000-11-03,7.73,7.83,7.33,5.83
2000-11-10,7.79,7.89,7.39,5.82
2000-11-17,7.73,7.83,7.33,5.71
2000-11-24,7.73,7.83,7.33,5.63
2000-12-01,7.65,7.75,7.25,5.52
2000-12-08,7.54,7.64,7.14,5.35
2000-12-15,7.42,7.52,7.02,5.20
2000-12-22,7.17,7.27,6.77,5.02
2000-12-29,7.13,7.23,6.73,5.12
2001-01-05,7.07,7.17,6.67,4.93
2001-01-12,6.89,6.99,6.49,5.25
2001-01-19,7.02,7.12,6.62,5.19
2001-01-26,7.15,7.25,6.75,5.29
2001-02-02,7.09,7.19,6.69,5.17
2001-02-09,6.98,7.08,6.58,5.03
2001-02-16,7.01,7.11,6.61,5.11
2001-02-23,7.12,7.22,6.72,5.10
2001-03-02,7.03,7.13,6.63,4.95
2001-03-09,6.97,7.07,6.57,4.95
2001-03-16,6.96,7.06,6.56,4.78
2001-03-23,6.89,6.99,6.49,4.80
2001-03-30,6.91,7.01,6.51,4.93
2001-04-06,7.01,7.11,6.61,4.89
2001-04-13,7.04,7.14,6.64,
2001-04-20,7.14,7.24,6.74,5.29
2001-04-27,7.12,7.22,6.72,5.34
2001-05-04,7.14,7.24,6.74,5.21
2001-05-11,7.10,7.2,6.7,5.51
2001-05-18,7.14,7.24,6.74,5.41
2001-05-25,7.20,7.3,6.8,5.52
2001-06-01,7.24,7.34,6.84,5.39
2001-06-08,7.20,7.3,6.8,5.38
2001-06-15,7.14,7.24,6.74,5.27
2001-06-22,7.11,7.21,6.71,5.14
2001-06-29,7.11,7.21,6.71,5.42
2001-07-06,7.19,7.29,6.79,5.41
2001-07-13,7.21,7.31,6.81,5.27
2001-07-20,7.08,7.18,6.68,5.15
2001-07-27,7.03,7.13,6.63,5.13
2001-08-03,7.00,7.1,6.6,5.20
2001-08-10,7.00,7.1,6.6,4.99
2001-08-17,6.92,7.02,6.52,4.84
2001-08-24,6.91,7.01,6.51,4.93
2001-08-31,6.92,7.02,6.52,4.85
2001-09-07,6.89,6.99,6.49,4.80
2001-09-14,6.86,6.96,6.46,4.57
2001-09-21,6.80,6.9,6.4,4.70
2001-09-28,6.72,6.82,6.32,4.60
2001-10-05,6.64,6.74,6.24,4.52
2001-10-12,6.58,6.68,6.18,4.68
2001-10-19,6.61,6.71,6.21,4.63
2001-10-26,6.64,6.74,6.24,4.53
2001-11-02,6.56,6.66,6.16,4.37
2001-11-09,6.45,6.55,6.05,4.34
2001-11-16,6.51,6.61,6.11,4.91
2001-11-23,6.75,6.85,6.35,5.04
2001-11-30,7.02,7.12,6.62,4.78
2001-12-07,6.84,6.94,6.44,5.20
2001-12-14,7.09,7.19,6.69,5.24
2001-12-21,7.17,7.27,6.77,5.12
2001-12-28,7.16,7.26,6.76,5.15
2002-01-04,7.14,7.24,6.74,5.18
2002-01-11,7.06,7.16,6.66,4.92
2002-01-18,6.83,6.93,6.43,4.94
2002-01-25,6.96,7.06,6.56,5.10
2002-02-01,7.02,7.12,6.62,5.02
2002-02-08,6.88,6.98,6.48,4.90
2002-02-15,6.86,6.96,6.46,4.86
2002-02-22,6.81,6.91,6.41,4.84
2002-03-01,6.80,6.9,6.4,4.98
2002-03-08,6.87,6.97,6.47,5.33
2002-03-15,7.08,7.18,6.68,5.35
2002-03-22,7.14,7.24,6.74,5.40
2002-03-29,7.18,7.28,6.78,
2002-04-05,7.13,7.23,6.73,5.22
2002-04-12,6.99,7.09,6.59,5.18
2002-04-19,6.94,7.04,6.54,5.21
2002-04-26,6.88,6.98,6.48,5.08
2002-05-03,6.78,6.88,6.38,5.08
2002-05-10,6.79,6.89,6.39,5.15
2002-05-17,6.89,6.99,6.49,5.27
2002-05-24,6.81,6.91,6.41,5.16
2002-05-31,6.76,6.86,6.36,5.08
2002-06-07,6.71,6.81,6.31,5.10
2002-06-14,6.71,6.81,6.31,4.83
2002-06-21,6.63,6.73,6.23,4.79
2002-06-28,6.55,6.65,6.15,4.86
2002-07-05,6.57,6.67,6.17,4.90
2002-07-12,6.54,6.64,6.14,4.63
2002-07-19,6.49,6.59,6.09,4.61
2002-07-26,6.34,6.44,5.94,4.43
2002-08-02,6.43,6.53,6.03,4.33
2002-08-09,6.31,6.41,5.91,4.27
2002-08-16,6.22,6.32,5.82,4.32
2002-08-23,6.27,6.37,5.87,4.25
2002-08-30,6.22,6.32,5.82,4.14
2002-09-06,6.15,6.25,5.75,4.05
2002-09-13,6.18,6.28,5.78,3.92
2002-09-20,6.05,6.15,5.65,3.79
2002-09-27,5.99,6.09,5.59,3.69
2002-10-04,6.01,6.11,5.61,3.69
2002-10-11,5.98,6.08,5.58,3.83
2002-10-18,6.15,6.25,5.75,4.14
2002-10-25,6.31,6.41,5.91,4.12
2002-11-01,6.13,6.23,5.73,4.01
2002-11-08,6.11,6.21,5.71,3.85
2002-11-15,5.94,6.04,5.54,4.05
2002-11-22,6.03,6.13,5.63,4.18
2002-11-29,6.13,6.23,5.73,4.22
2002-12-06,6.19,6.29,5.79,4.09
2002-12-13,6.04,6.14,5.64,4.07
2002-12-20,6.03,6.13,5.63,3.97
2002-12-27,5.93,6.03,5.53,3.83
2003-01-03,5.85,5.95,5.45,4.05
2003-01-10,5.95,6.05,5.55,4.16
2003-01-17,5.97,6.07,5.57,4.05
2003-01-24,5.91,6.01,5.51,3.94
2003-01-31,5.90,6,5.5,4.00
2003-02-07,5.88,5.98,5.48,3.96
2003-02-14,5.86,5.96,5.46,3.95
2003-02-21,5.84,5.94,5.44,3.90
2003-02-28,5.79,5.89,5.39,3.71
2003-03-07,5.67,5.77,5.27,3.63
2003-03-14,5.61,5.71,5.21,3.72
2003-03-21,5.79,5.89,5.39,4.11
2003-03-28,5.91,6.01,5.51,3.92
2003-04-04,5.79,5.89,5.39,3.96
2003-04-11,5.85,5.95,5.45,4.00
2003-04-18,5.82,5.92,5.42,
2003-04-25,5.79,5.89,5.39,3.91
2003-05-02,5.70,5.8,5.3,3.94
2003-05-09,5.62,5.72,5.22,3.69
2003-05-16,5.45,5.55,5.05,3.46
2003-05-23,5.34,5.44,4.94,3.34
2003-05-30,5.31,5.41,4.91,3.37
2003-06-06,5.26,5.36,4.86,3.37
2003-06-13,5.21,5.31,4.81,3.13
2003-06-20,5.21,5.31,4.81,3.40
2003-06-27,5.24,5.34,4.84,3.58
2003-07-04,5.40,5.5,5,
2003-07-11,5.52,5.62,5.12,3.66
2003-07-18,5.67,5.77,5.27,4.00
2003-07-25,5.94,6.04,5.54,4.22
2003-08-01,6.14,6.24,5.74,4.44
2003-08-08,6.34,6.44,5.94,4.27
2003-08-15,6.24,6.34,5.84,4.55
2003-08-22,6.28,6.38,5.88,4.48
2003-08-29,6.32,6.42,5.92,4.45
2003-09-05,6.44,6.54,6.04,4.35
2003-09-12,6.16,6.26,5.76,4.27
2003-09-19,6.01,6.11,5.61,4.17
2003-09-26,5.98,6.08,5.58,4.04
2003-10-03,5.77,5.87,5.37,4.21
2003-10-10,5.95,6.05,5.55,4.29
2003-10-17,6.05,6.15,5.65,4.41
2003-10-24,6.05,6.15,5.65,4.24
2003-10-31,5.94,6.04,5.54,4.33
2003-11-07,5.98,6.08,5.58,4.48
2003-11-14,6.03,6.13,5.63,4.22
2003-11-21,5.83,5.93,5.43,4.15
2003-11-28,5.89,5.99,5.49,4.34
2003-12-05,6.02,6.12,5.62,4.23
2003-12-12,5.88,5.98,5.48,4.26
2003-12-19,5.82,5.92,5.42,4.15
2003-12-26,5.81,5.91,5.41,4.17
2003-12-31,5.85,5.95,5.45,4.27
2004-01-08,5.87,5.97,5.47,4.27
2004-01-15,5.66,5.76,5.26,3.99
2004-01-22,5.64,5.74,5.24,3.99
2004-01-29,5.68,5.78,5.28,4.22
2004-02-05,5.72,5.82,5.32,4.20
2004-02-12,5.66,5.76,5.26,4.10
2004-02-19,5.58,5.68,5.18,4.05
2004-02-26,5.58,5.68,5.18,4.05
2004-03-04,5.59,5.69,5.19,4.04
2004-03-11,5.41,5.51,5.01,3.74
2004-03-18,5.38,5.48,4.98,3.76
2004-03-25,5.40,5.5,5,3.75
2004-04-01,5.52,5.62,5.12,3.91
2004-04-08,5.79,5.89,5.39,4.21
2004-04-15,5.89,5.99,5.49,4.42
2004-04-22,5.94,6.04,5.54,4.40
2004-04-29,6.01,6.11,5.61,4.55
2004-05-06,6.12,6.22,5.72,4.63
2004-05-13,6.34,6.44,5.94,4.85
2004-05-20,6.30,6.4,5.9,4.72
2004-05-27,6.32,6.42,5.92,4.60
2004-06-03,6.28,6.38,5.88,4.71
2004-06-10,6.30,6.4,5.9,4.81
2004-06-17,6.32,6.42,5.92,4.71
2004-06-24,6.25,6.35,5.85,4.66
2004-07-01,6.21,6.31,5.81,4.57
2004-07-08,6.01,6.11,5.61,4.49
2004-07-15,6.00,6.1,5.6,4.50
2004-07-22,5.98,6.08,5.58,4.48
2004-07-29,6.08,6.18,5.68,4.60
2004-08-05,5.99,6.09,5.59,4.43
2004-08-12,5.85,5.95,5.45,4.27
2004-08-19,5.81,5.91,5.41,4.22
2004-08-26,5.82,5.92,5.42,4.22
2004-09-02,5.77,5.87,5.37,4.20
2004-09-09,5.83,5.93,5.43,4.22
2004-09-16,5.75,5.85,5.35,4.08
2004-09-23,5.70,5.8,5.3,4.02
2004-09-30,5.72,5.82,5.32,4.14
2004-10-07,5.82,5.92,5.42,4.26
2004-10-14,5.74,5.84,5.34,4.03
2004-10-21,5.69,5.79,5.29,4.01
2004-10-28,5.64,5.74,5.24,4.09
2004-11-04,5.70,5.8,5.3,4.10
2004-11-11,5.76,5.86,5.36,
2004-11-18,5.74,5.84,5.34,4.12
2004-11-24,5.72,5.82,5.32,4.20
2004-12-02,5.81,5.91,5.41,4.40
2004-12-09,5.71,5.81,5.31,4.19
2004-12-16,5.68,5.78,5.28,4.19
2004-12-22,5.75,5.85,5.35,4.21
2004-12-29,5.81,5.91,5.41,4.33
2005-01-06,5.77,5.87,5.37,4.29
2005-01-13,5.74,5.84,5.34,4.20
2005-01-20,5.67,5.77,5.27,4.17
2005-01-27,5.66,5.76,5.26,4.22
2005-02-03,5.63,5.73,5.23,4.18
2005-02-10,5.57,5.67,5.17,4.07
2005-02-17,5.62,5.72,5.22,4.19
2005-02-24,5.69,5.79,5.29,4.29
2005-03-03,5.79,5.89,5.39,4.39
2005-03-10,5.85,5.95,5.45,4.48
2005-03-17,5.95,6.05,5.55,4.47
2005-03-24,6.01,6.11,5.61,4.60
2005-03-31,6.04,6.14,5.64,4.50
2005-04-07,5.93,6.03,5.53,4.49
2005-04-14,5.91,6.01,5.51,4.37
2005-04-21,5.80,5.9,5.4,4.32
2005-04-28,5.78,5.88,5.38,4.19
2005-05-05,5.75,5.85,5.35,4.19
2005-05-12,5.77,5.87,5.37,4.18
2005-05-19,5.71,5.81,5.31,4.11
2005-05-26,5.65,5.75,5.25,4.08
2005-06-02,5.62,5.72,5.22,3.89
2005-06-09,5.56,5.66,5.16,3.98
2005-06-16,5.63,5.73,5.23,4.09
2005-06-23,5.57,5.67,5.17,3.96
2005-06-30,5.53,5.63,5.13,3.94
2005-07-07,5.62,5.72,5.22,4.05
2005-07-14,5.66,5.76,5.26,4.19
2005-07-21,5.73,5.83,5.33,4.28
2005-07-28,5.77,5.87,5.37,4.20
2005-08-04,5.82,5.92,5.42,4.32
2005-08-11,5.89,5.99,5.49,4.32
2005-08-18,5.80,5.9,5.4,4.21
2005-08-25,5.77,5.87,5.37,4.18
2005-09-01,5.71,5.81,5.31,4.02
2005-09-08,5.71,5.81,5.31,4.15
2005-09-15,5.74,5.84,5.34,4.22
2005-09-22,5.80,5.9,5.4,4.19
2005-09-29,5.91,6.01,5.51,4.29
2005-10-06,5.98,6.08,5.58,4.37
2005-10-13,6.03,6.13,5.63,4.48
2005-10-20,6.10,6.2,5.7,4.46
2005-10-27,6.15,6.25,5.75,4.57
2005-11-03,6.31,6.41,5.91,4.65
2005-11-10,6.36,6.46,5.96,4.55
2005-11-17,6.37,6.47,5.97,4.46
2005-11-23,6.28,6.38,5.88,4.47
2005-12-01,6.26,6.36,5.86,4.52
2005-12-08,6.32,6.42,5.92,4.47
2005-12-15,6.30,6.4,5.9,4.47
2005-12-22,6.26,6.36,5.86,4.44
2005-12-29,6.22,6.32,5.82,4.37
2006-01-05,6.21,6.31,5.81,4.36
2006-01-12,6.15,6.25,5.75,4.42
2006-01-19,6.10,6.2,5.7,4.38
2006-01-26,6.12,6.22,5.72,4.53
2006-02-02,6.23,6.33,5.83,4.57
2006-02-09,6.24,6.34,5.84,4.54
2006-02-16,6.28,6.38,5.88,4.59
2006-02-23,6.26,6.36,5.86,4.56
2006-03-02,6.24,6.34,5.84,4.64
2006-03-09,6.37,6.47,5.97,4.74
2006-03-16,6.34,6.44,5.94,4.65
2006-03-23,6.32,6.42,5.92,4.73
2006-03-30,6.35,6.45,5.95,4.86
2006-04-06,6.43,6.53,6.03,4.90
2006-04-13,6.49,6.59,6.09,5.05
2006-04-20,6.53,6.63,6.13,5.04
2006-04-27,6.58,6.68,6.18,5.09
2006-05-04,6.59,6.69,6.19,5.16
2006-05-11,6.58,6.68,6.18,5.14
2006-05-18,6.60,6.7,6.2,5.08
2006-05-25,6.62,6.72,6.22,5.07
2006-06-01,6.67,6.77,6.27,5.11
2006-06-08,6.62,6.72,6.22,5.00
2006-06-15,6.63,6.73,6.23,5.10
2006-06-22,6.71,6.81,6.31,5.20
2006-06-29,6.78,6.88,6.38,5.22
2006-07-06,6.79,6.89,6.39,5.19
2006-07-13,6.74,6.84,6.34,5.08
2006-07-20,6.80,6.9,6.4,5.03
2006-07-27,6.72,6.82,6.32,5.07
2006-08-03,6.63,6.73,6.23,4.96
2006-08-10,6.55,6.65,6.15,4.93
2006-08-17,6.52,6.62,6.12,4.87
2006-08-24,6.48,6.58,6.08,4.81
2006-08-31,6.44,6.54,6.04,4.74
2006-09-07,6.47,6.57,6.07,4.80
2006-09-14,6.43,6.53,6.03,4.79
2006-09-21,6.40,6.5,6,4.65
2006-09-28,6.31,6.41,5.91,4.63
2006-10-05,6.30,6.4,5.9,4.61
2006-10-12,6.37,6.47,5.97,4.79
2006-10-19,6.36,6.46,5.96,4.79
2006-10-26,6.40,6.5,6,4.73
2006-11-02,6.31,6.41,5.91,4.60
2006-11-09,6.33,6.43,5.93,4.62
2006-11-16,6.24,6.34,5.84,4.66
2006-11-22,6.18,6.28,5.78,4.57
2006-11-30,6.14,6.24,5.74,4.46
2006-12-07,6.11,6.21,5.71,4.49
2006-12-14,6.12,6.22,5.72,4.60
2006-12-21,6.13,6.23,5.73,4.55
2006-12-28,6.18,6.28,5.78,4.70
2007-01-04,6.18,6.28,5.78,4.62
2007-01-11,6.21,6.31,5.81,4.74
2007-01-18,6.23,6.33,5.83,4.75
2007-01-25,6.25,6.35,5.85,4.87
2007-02-01,6.34,6.44,5.94,4.84
2007-02-08,6.28,6.38,5.88,4.73
2007-02-15,6.30,6.4,5.9,4.70
2007-02-22,6.22,6.32,5.82,4.73
2007-03-01,6.18,6.28,5.78,4.56
2007-03-08,6.14,6.24,5.74,4.51
2007-03-15,6.14,6.24,5.74,4.54
2007-03-22,6.16,6.26,5.76,4.60
2007-03-29,6.16,6.26,5.76,4.64
2007-04-05,6.17,6.27,5.77,4.68
2007-04-12,6.22,6.32,5.82,4.74
2007-04-19,6.17,6.27,5.77,4.68
2007-04-26,6.16,6.26,5.76,4.69
2007-05-03,6.16,6.26,5.76,4.68
2007-05-10,6.15,6.25,5.75,4.65
2007-05-17,6.21,6.31,5.81,4.76
2007-05-24,6.37,6.47,5.97,4.86
2007-05-31,6.42,6.52,6.02,4.90
2007-06-07,6.53,6.63,6.13,5.11
2007-06-14,6.74,6.84,6.34,5.23
2007-06-21,6.69,6.79,6.29,5.16
2007-06-28,6.67,6.77,6.27,5.12
2007-07-05,6.63,6.73,6.23,5.16
2007-07-12,6.73,6.83,6.33,5.13
2007-07-19,6.73,6.83,6.33,5.04
2007-07-26,6.69,6.79,6.29,4.79
2007-08-02,6.68,6.78,6.28,4.77
2007-08-09,6.59,6.69,6.19,4.79
2007-08-16,6.62,6.72,6.22,4.60
2007-08-23,6.52,6.62,6.12,4.62
2007-08-30,6.45,6.55,6.05,4.51
2007-09-06,6.46,6.56,6.06,4.51
2007-09-13,6.31,6.41,5.91,4.49
2007-09-20,6.34,6.44,5.94,4.69
2007-09-27,6.42,6.52,6.02,4.58
2007-10-04,6.37,6.47,5.97,4.54
2007-10-11,6.40,6.5,6,4.66
2007-10-18,6.40,6.5,6,4.52
2007-10-25,6.33,6.43,5.93,4.37
2007-11-01,6.26,6.36,5.86,4.36
2007-11-08,6.24,6.34,5.84,4.28
2007-11-15,6.24,6.34,5.84,4.17
2007-11-21,6.20,6.3,5.8,4.00
2007-11-29,6.10,6.2,5.7,3.94
2007-12-06,5.96,6.06,5.56,4.02
2007-12-13,6.11,6.21,5.71,4.18
2007-12-20,6.14,6.24,5.74,4.04
2007-12-27,6.17,6.27,5.77,4.21
2008-01-03,6.07,6.17,5.67,3.91
2008-01-10,5.87,5.97,5.47,3.91
2008-01-17,5.69,5.79,5.29,3.66
2008-01-24,5.48,5.58,5.08,3.68
2008-01-31,5.68,5.78,5.28,3.67
2008-02-07,5.67,5.77,5.27,3.74
2008-02-14,5.72,5.82,5.32,3.85
2008-02-21,6.04,6.14,5.64,3.77
2008-02-28,6.24,6.34,5.84,3.71
2008-03-06,6.03,6.13,5.63,3.62
2008-03-13,6.13,6.23,5.73,3.56
2008-03-20,5.87,5.97,5.47,3.34
2008-03-27,5.85,5.95,5.45,3.56
2008-04-03,5.88,5.98,5.48,3.61
2008-04-10,5.88,5.98,5.48,3.55
2008-04-17,5.88,5.98,5.48,3.75
2008-04-24,6.03,6.13,5.63,3.87
2008-05-01,6.06,6.16,5.66,3.78
2008-05-08,6.05,6.15,5.65,3.79
2008-05-15,6.01,6.11,5.61,3.83
2008-05-22,5.98,6.08,5.58,3.92
2008-05-29,6.08,6.18,5.68,4.08
2008-06-05,6.09,6.19,5.69,4.06
2008-06-12,6.32,6.42,5.92,4.23
2008-06-19,6.42,6.52,6.02,4.22
2008-06-26,6.45,6.55,6.05,4.07
2008-07-03,6.35,6.45,5.95,3.99
2008-07-10,6.37,6.47,5.97,3.83
2008-07-17,6.26,6.36,5.86,4.07
2008-07-24,6.63,6.73,6.23,4.03
2008-07-31,6.52,6.62,6.12,3.99
2008-08-07,6.52,6.62,6.12,3.92
2008-08-14,6.52,6.62,6.12,3.89
2008-08-21,6.47,6.57,6.07,3.84
2008-08-28,6.40,6.5,6,3.79
2008-09-04,6.35,6.45,5.95,3.64
2008-09-11,5.93,6.03,5.53,3.64
2008-09-18,5.78,5.88,5.38,3.54
2008-09-25,6.09,6.19,5.69,3.88
2008-10-02,6.10,6.2,5.7,3.66
2008-10-09,5.94,6.04,5.54,3.84
2008-10-16,6.46,6.56,6.06,3.99
2008-10-23,6.04,6.14,5.64,3.63
2008-10-30,6.46,6.56,6.06,4.00
2008-11-06,6.20,6.3,5.8,3.75
2008-11-13,6.14,6.24,5.74,3.84
2008-11-20,6.04,6.14,5.64,3.10
2008-11-26,5.97,6.07,5.57,2.99
2008-12-04,5.53,5.63,5.13,2.55
2008-12-11,5.47,5.57,5.07,2.64
2008-12-18,5.19,5.29,4.79,2.08
2008-12-24,5.14,5.24,4.74,2.20
2008-12-31,5.10,5.2,4.7,2.25
2009-01-08,5.01,5.11,4.61,2.47
2009-01-15,4.96,5.06,4.56,2.23
2009-01-22,5.12,5.22,4.72,2.62
2009-01-29,5.10,5.2,4.7,2.87
2009-02-05,5.25,5.35,4.85,2.95
2009-02-12,5.16,5.26,4.76,2.75
2009-02-19,5.04,5.14,4.64,2.85
2009-02-26,5.07,5.17,4.67,2.98
2009-03-05,5.15,5.25,4.75,2.83
2009-03-12,5.03,5.13,4.63,2.89
2009-03-19,4.98,5.08,4.58,2.61
2009-03-26,4.85,4.95,4.45,2.76
2009-04-02,4.78,4.88,4.38,2.77
2009-04-09,4.87,4.97,4.47,2.96
2009-04-16,4.82,4.92,4.42,2.86
2009-04-23,4.80,4.9,4.4,2.96
2009-04-30,4.78,4.88,4.38,3.16
2009-05-07,4.84,4.94,4.44,3.29
2009-05-14,4.86,4.96,4.46,3.10
2009-05-21,4.82,4.92,4.42,3.35
2009-05-28,4.91,5.01,4.51,3.67
2009-06-04,5.29,5.39,4.89,3.72
2009-06-11,5.59,5.69,5.19,3.88
2009-06-18,5.38,5.48,4.98,3.86
2009-06-25,5.42,5.52,5.02,3.55
2009-07-02,5.32,5.42,4.92,3.51
2009-07-09,5.20,5.3,4.8,3.44
2009-07-16,5.14,5.24,4.74,3.59
2009-07-23,5.20,5.3,4.8,3.72
2009-07-30,5.25,5.35,4.85,3.67
2009-08-06,5.22,5.32,4.82,3.79
2009-08-13,5.29,5.39,4.89,3.59
2009-08-20,5.12,5.22,4.72,3.42
2009-08-27,5.14,5.24,4.74,3.47
2009-09-03,5.08,5.18,4.68,3.33
2009-09-10,5.07,5.17,4.67,3.36
2009-09-17,5.04,5.14,4.64,3.42
2009-09-24,5.04,5.14,4.64,3.40
2009-10-01,4.94,5.04,4.54,3.21
2009-10-08,4.87,4.97,4.47,3.27
2009-10-15,4.92,5.02,4.52,3.49
2009-10-22,5.00,5.1,4.6,3.44
2009-10-29,5.03,5.13,4.63,3.53
2009-11-05,4.98,5.08,4.58,3.57
2009-11-12,4.91,5.01,4.51,3.45
2009-11-19,4.83,4.93,4.43,3.35
2009-11-25,4.78,4.88,4.38,3.28
2009-12-03,4.71,4.81,4.31,3.39
2009-12-10,4.81,4.91,4.41,3.49
2009-12-17,4.94,5.04,4.54,3.50
2009-12-24,5.05,5.15,4.65,3.82
2009-12-31,5.14,5.24,4.74,3.85
2010-01-07,5.09,5.19,4.69,3.85
2010-01-14,5.06,5.16,4.66,3.76
2010-01-21,4.99,5.09,4.59,3.62
2010-01-28,4.98,5.08,4.58,3.68
2010-02-04,5.01,5.11,4.61,3.62
2010-02-11,4.97,5.07,4.57,3.73
2010-02-18,4.93,5.03,4.53,3.79
2010-02-25,5.05,5.15,4.65,3.64
2010-03-04,4.97,5.07,4.57,3.61
2010-03-11,4.95,5.05,4.55,3.73
2010-03-18,4.96,5.06,4.56,3.68
2010-03-25,4.99,5.09,4.59,3.91
2010-04-01,5.08,5.18,4.68,3.89
2010-04-08,5.21,5.31,4.81,3.91
2010-04-15,5.07,5.17,4.67,3.86
2010-04-22,5.07,5.17,4.67,3.80
2010-04-29,5.06,5.16,4.66,3.76
2010-05-06,5.00,5.1,4.6,3.41
2010-05-13,4.93,5.03,4.53,3.55
2010-05-20,4.84,4.94,4.44,3.25
2010-05-27,4.78,4.88,4.38,3.34
2010-06-03,4.79,4.89,4.39,3.39
2010-06-10,4.72,4.82,4.32,3.33
2010-06-17,4.75,4.85,4.35,3.21
2010-06-24,4.69,4.79,4.29,3.14
2010-07-01,4.58,4.68,4.18,2.96
2010-07-08,4.57,4.67,4.17,3.04
2010-07-15,4.57,4.67,4.17,3.00
2010-07-22,4.56,4.66,4.16,2.96
2010-07-29,4.54,4.64,4.14,3.03
2010-08-05,4.49,4.59,4.09,2.94
2010-08-12,4.44,4.54,4.04,2.74
2010-08-19,4.42,4.52,4.02,2.58
2010-08-26,4.36,4.46,3.96,2.50
2010-09-02,4.32,4.42,3.92,2.63
2010-09-09,4.35,4.45,3.95,2.77
2010-09-16,4.37,4.47,3.97,2.77
2010-09-23,4.37,4.47,3.97,2.56
2010-09-30,4.32,4.42,3.92,2.53
2010-10-07,4.27,4.37,3.87,2.41
2010-10-14,4.19,4.29,3.79,2.52
2010-10-21,4.21,4.31,3.81,2.57
2010-10-28,4.23,4.33,3.83,2.69
2010-11-04,4.24,4.34,3.84,2.53
2010-11-11,4.17,4.27,3.77,
2010-11-18,4.39,4.49,3.99,2.90
2010-11-24,4.40,4.5,4,2.93
2010-12-02,4.46,4.56,4.06,3.01
2010-12-09,4.61,4.71,4.21,3.23
2010-12-16,4.83,4.93,4.43,3.47
2010-12-23,4.81,4.91,4.41,3.41
2010-12-30,4.86,4.96,4.46,3.38
2011-01-06,4.77,4.87,4.37,3.44
2011-01-13,4.71,4.81,4.31,3.34
2011-01-20,4.74,4.84,4.34,3.47
2011-01-27,4.80,4.9,4.4,3.42
2011-02-03,4.81,4.91,4.41,3.58
2011-02-10,5.05,5.15,4.65,3.70
2011-02-17,5.00,5.1,4.6,3.58
2011-02-24,4.95,5.05,4.55,3.46
2011-03-03,4.87,4.97,4.47,3.58
2011-03-10,4.88,4.98,4.48,3.37
2011-03-17,4.76,4.86,4.36,3.25
2011-03-24,4.81,4.91,4.41,3.42
2011-03-31,4.86,4.96,4.46,3.47
2011-04-07,4.87,4.97,4.47,3.58
2011-04-14,4.91,5.01,4.51,3.51
2011-04-21,4.80,4.9,4.4,3.42
2011-04-28,4.78,4.88,4.38,3.34
2011-05-05,4.71,4.81,4.31,3.18
2011-05-12,4.63,4.73,4.23,3.22
2011-05-19,4.61,4.71,4.21,3.17
2011-05-26,4.60,4.7,4.2,3.07
2011-06-02,4.55,4.65,4.15,3.04
2011-06-09,4.49,4.59,4.09,3.01
2011-06-16,4.50,4.6,4.1,2.93
2011-06-23,4.50,4.6,4.1,2.93
2011-06-30,4.51,4.61,4.11,3.18
2011-07-07,4.60,4.7,4.2,3.17
2011-07-14,4.51,4.61,4.11,2.98
2011-07-21,4.52,4.62,4.12,3.03
2011-07-28,4.55,4.65,4.15,2.98
2011-08-04,4.39,4.49,3.99,2.47
2011-08-11,4.32,4.42,3.92,2.34
2011-08-18,4.15,4.25,3.75,2.08
2011-08-25,4.22,4.32,3.82,2.23
2011-09-01,4.22,4.32,3.82,2.15
2011-09-08,4.12,4.22,3.72,2.00
2011-09-15,4.09,4.19,3.69,2.09
2011-09-22,4.09,4.19,3.69,1.72
2011-09-29,4.01,4.11,3.61,1.99
2011-10-06,3.94,4.04,3.54,2.01
2011-10-13,4.12,4.22,3.72,2.19
2011-10-20,4.11,4.21,3.71,2.20
2011-10-27,4.10,4.2,3.7,2.42
2011-11-03,4.00,4.1,3.6,2.09
2011-11-10,3.99,4.09,3.59,2.04
2011-11-17,4.00,4.1,3.6,1.96
2011-11-23,3.98,4.08,3.58,1.89
2011-12-01,4.00,4.1,3.6,2.11
2011-12-08,3.99,4.09,3.59,1.99
2011-12-15,3.94,4.04,3.54,1.92
2011-12-22,3.91,4.01,3.51,1.97
2011-12-29,3.95,4.05,3.55,1.91
2012-01-05,3.91,4.01,3.51,2.02
2012-01-12,3.89,3.99,3.49,1.94
2012-01-19,3.88,3.98,3.48,2.01
2012-01-26,3.98,4.08,3.58,1.96
2012-02-02,3.87,3.97,3.47,1.86
2012-02-09,3.87,3.97,3.47,2.04
2012-02-16,3.87,3.97,3.47,1.99
2012-02-23,3.95,4.05,3.55,1.99
2012-03-01,3.90,4,3.5,2.03
2012-03-08,3.88,3.98,3.48,2.03
2012-03-15,3.92,4.02,3.52,2.29
2012-03-22,4.08,4.18,3.68,2.29
2012-03-29,3.99,4.09,3.59,2.18
2012-04-05,3.98,4.08,3.58,2.19
2012-04-12,3.88,3.98,3.48,2.08
2012-04-19,3.90,4,3.5,1.98
2012-04-26,3.88,3.98,3.48,1.98
2012-05-03,3.84,3.94,3.44,1.96
2012-05-10,3.83,3.93,3.43,1.89
2012-05-17,3.79,3.89,3.39,1.70
2012-05-24,3.78,3.88,3.38,1.77
2012-05-31,3.75,3.85,3.35,1.59
2012-06-07,3.67,3.77,3.27,1.66
2012-06-14,3.71,3.81,3.31,1.64
2012-06-21,3.66,3.76,3.26,1.63
2012-06-28,3.66,3.76,3.26,1.60
2012-07-05,3.62,3.72,3.22,1.62
2012-07-12,3.56,3.66,3.16,1.50
2012-07-19,3.53,3.63,3.13,1.54
2012-07-26,3.49,3.59,3.09,1.45
2012-08-02,3.55,3.65,3.15,1.51
2012-08-09,3.59,3.69,3.19,1.69
2012-08-16,3.62,3.72,3.22,1.83
2012-08-23,3.66,3.76,3.26,1.68
2012-08-30,3.59,3.69,3.19,1.63
2012-09-06,3.55,3.65,3.15,1.68
2012-09-13,3.55,3.65,3.15,1.75
2012-09-20,3.49,3.59,3.09,1.80
2012-09-27,3.40,3.5,3,1.66
2012-10-04,3.36,3.46,2.96,1.70
2012-10-11,3.39,3.49,2.99,1.70
2012-10-18,3.37,3.47,2.97,1.86
2012-10-25,3.41,3.51,3.01,1.86
2012-11-01,3.39,3.49,2.99,1.75
2012-11-08,3.40,3.5,3,1.62
2012-11-15,3.34,3.44,2.94,1.58
2012-11-21,3.31,3.41,2.91,1.69
2012-11-29,3.32,3.42,2.92,1.62
2012-12-06,3.34,3.44,2.94,1.59
2012-12-13,3.32,3.42,2.92,1.74
2012-12-20,3.37,3.47,2.97,1.81
2012-12-27,3.35,3.45,2.95,1.74
2013-01-03,3.34,3.44,2.94,1.92
2013-01-10,3.40,3.5,3,1.91
2013-01-17,3.38,3.48,2.98,1.89
2013-01-24,3.42,3.52,3.02,1.88
2013-01-31,3.53,3.63,3.13,2.02
2013-02-07,3.53,3.63,3.13,1.99
2013-02-14,3.53,3.63,3.13,2.00
2013-02-21,3.56,3.66,3.16,1.99
2013-02-28,3.51,3.61,3.11,1.89
2013-03-07,3.52,3.62,3.12,2.00
2013-03-14,3.63,3.73,3.23,2.04
2013-03-21,3.54,3.64,3.14,1.95
2013-03-28,3.57,3.67,3.17,1.87
2013-04-04,3.54,3.64,3.14,1.78
2013-04-11,3.43,3.53,3.03,1.82
2013-04-18,3.41,3.51,3.01,1.72
2013-04-25,3.40,3.5,3,1.74
2013-05-02,3.35,3.45,2.95,1.66
2013-05-09,3.42,3.52,3.02,1.81
2013-05-16,3.51,3.61,3.11,1.87
2013-05-23,3.59,3.69,3.19,2.02
2013-05-30,3.81,3.91,3.41,2.13
2013-06-06,3.91,4.01,3.51,2.08
2013-06-13,3.98,4.08,3.58,2.19
2013-06-20,3.93,4.03,3.53,2.41
2013-06-27,4.46,4.56,4.06,2.49
2013-07-03,4.29,4.39,3.89,2.52
2013-07-11,4.51,4.61,4.11,2.60
2013-07-18,4.37,4.47,3.97,2.56
2013-07-25,4.31,4.41,3.91,2.61
2013-08-01,4.39,4.49,3.99,2.74
2013-08-08,4.40,4.5,4,2.58
2013-08-15,4.40,4.5,4,2.77
2013-08-22,4.58,4.68,4.18,2.90
2013-08-29,4.51,4.61,4.11,2.75
2013-09-05,4.57,4.67,4.17,2.98
2013-09-12,4.57,4.67,4.17,2.92
2013-09-19,4.50,4.6,4.1,2.76
2013-09-26,4.32,4.42,3.92,2.66
2013-10-03,4.22,4.32,3.82,2.62
2013-10-10,4.23,4.33,3.83,2.71
2013-10-17,4.28,4.38,3.88,2.61
2013-10-24,4.13,4.23,3.73,2.53
2013-10-31,4.10,4.2,3.7,2.57
2013-11-07,4.16,4.26,3.76,2.63
2013-11-14,4.35,4.45,3.95,2.69
2013-11-21,4.22,4.32,3.82,2.79
2013-11-27,4.29,4.39,3.89,2.74
2013-12-05,4.46,4.56,4.06,2.88
2013-12-12,4.42,4.52,4.02,2.89
2013-12-19,4.47,4.57,4.07,2.94
2013-12-26,4.48,4.58,4.08,3.00
2014-01-02,4.53,4.63,4.13,3.00
2014-01-09,4.51,4.61,4.11,2.97
2014-01-16,4.41,4.51,4.01,2.86
2014-01-23,4.39,4.49,3.99,2.79
2014-01-30,4.32,4.42,3.92,2.72
2014-02-06,4.23,4.33,3.83,2.73
2014-02-13,4.28,4.38,3.88,2.73
2014-02-20,4.33,4.43,3.93,2.76
2014-02-27,4.37,4.47,3.97,2.65
2014-03-06,4.28,4.38,3.88,2.74
2014-03-13,4.37,4.47,3.97,2.66
2014-03-20,4.32,4.42,3.92,2.79
2014-03-27,4.40,4.5,4,2.69
2014-04-03,4.41,4.51,4.01,2.80
2014-04-10,4.34,4.44,3.94,2.65
2014-04-17,4.27,4.37,3.87,2.73
2014-04-24,4.33,4.43,3.93,2.70
2014-05-01,4.29,4.39,3.89,2.63
2014-05-08,4.21,4.31,3.81,2.61
2014-05-15,4.20,4.3,3.8,2.50
2014-05-22,4.14,4.24,3.74,2.56
2014-05-29,4.12,4.22,3.72,2.45
2014-06-05,4.14,4.24,3.74,2.59
2014-06-12,4.20,4.3,3.8,2.58
2014-06-19,4.17,4.27,3.77,2.64
2014-06-26,4.14,4.24,3.74,2.53
2014-07-03,4.12,4.22,3.72,2.65
2014-07-10,4.15,4.25,3.75,2.55
2014-07-17,4.13,4.23,3.73,2.47
2014-07-24,4.13,4.23,3.73,2.52
2014-07-31,4.12,4.22,3.72,2.58
2014-08-07,4.14,4.24,3.74,2.43
2014-08-14,4.12,4.22,3.72,2.40
2014-08-21,4.10,4.2,3.7,2.41
2014-08-28,4.10,4.2,3.7,2.34
2014-09-04,4.10,4.2,3.7,2.45
2014-09-11,4.12,4.22,3.72,2.54
2014-09-18,4.23,4.33,3.83,2.63
2014-09-25,4.20,4.3,3.8,2.52
2014-10-02,4.19,4.29,3.79,2.44
2014-10-09,4.12,4.22,3.72,2.34
2014-10-16,3.97,4.07,3.57,2.17
2014-10-23,3.92,4.02,3.52,2.29
2014-10-30,3.98,4.08,3.58,2.32
2014-11-06,4.02,4.12,3.62,2.39
2014-11-13,4.01,4.11,3.61,2.35
2014-11-20,3.99,4.09,3.59,2.34
2014-11-26,3.97,4.07,3.57,2.24
2014-12-04,3.89,3.99,3.49,2.25
2014-12-11,3.93,4.03,3.53,2.19
2014-12-18,3.80,3.9,3.4,2.22
2014-12-24,3.83,3.93,3.43,2.27
2014-12-31,3.87,3.97,3.47,2.17
2015-01-08,3.73,3.83,3.33,2.03
2015-01-15,3.66,3.76,3.26,1.77
2015-01-22,3.63,3.73,3.23,1.90
2015-01-29,3.66,3.76,3.26,1.77
2015-02-05,3.59,3.69,3.19,1.83
2015-02-12,3.69,3.79,3.29,1.99
2015-02-19,3.76,3.86,3.36,2.11
2015-02-26,3.80,3.9,3.4,2.03
2015-03-05,3.75,3.85,3.35,2.11
2015-03-12,3.86,3.96,3.46,2.10
2015-03-19,3.78,3.88,3.38,1.98
2015-03-26,3.69,3.79,3.29,2.01
2015-04-02,3.70,3.8,3.3,1.92
2015-04-09,3.66,3.76,3.26,1.97
2015-04-16,3.67,3.77,3.27,1.90
2015-04-23,3.65,3.75,3.25,1.96
2015-04-30,3.68,3.78,3.28,2.05
2015-05-07,3.80,3.9,3.4,2.18
2015-05-14,3.85,3.95,3.45,2.23
2015-05-21,3.84,3.94,3.44,2.19
2015-05-28,3.87,3.97,3.47,2.13
2015-06-04,3.87,3.97,3.47,2.31
2015-06-11,4.04,4.14,3.64,2.39
2015-06-18,4.00,4.1,3.6,2.35
2015-06-25,4.02,4.12,3.62,2.40
2015-07-02,4.08,4.18,3.68,2.40
2015-07-09,4.04,4.14,3.64,2.32
2015-07-16,4.09,4.19,3.69,2.36
2015-07-23,4.04,4.14,3.64,2.28
2015-07-30,3.98,4.08,3.58,2.28
2015-08-06,3.91,4.01,3.51,2.23
2015-08-13,3.94,4.04,3.54,2.19
2015-08-20,3.93,4.03,3.53,2.09
2015-08-27,3.84,3.94,3.44,2.18
2015-09-03,3.89,3.99,3.49,2.18
2015-09-10,3.90,4,3.5,2.23
2015-09-17,3.91,4.01,3.51,2.21
2015-09-24,3.86,3.96,3.46,2.13
2015-10-01,3.85,3.95,3.45,2.05
2015-10-08,3.76,3.86,3.36,2.12
2015-10-15,3.82,3.92,3.42,2.04
2015-10-22,3.79,3.89,3.39,2.04
2015-10-29,3.76,3.86,3.36,2.19
2015-11-05,3.87,3.97,3.47,2.26
2015-11-12,3.98,4.08,3.58,2.32
2015-11-19,3.97,4.07,3.57,2.24
2015-11-25,3.95,4.05,3.55,2.23
2015-12-03,3.93,4.03,3.53,2.33
2015-12-10,3.95,4.05,3.55,2.24
2015-12-17,3.97,4.07,3.57,2.24
2015-12-24,3.96,4.06,3.56,2.25
2015-12-31,4.01,4.11,3.61,2.27
2016-01-07,3.97,4.07,3.57,2.16
2016-01-14,3.92,4.02,3.52,2.10
2016-01-21,3.81,3.91,3.41,2.02
2016-01-28,3.79,3.89,3.39,2.00
2016-02-04,3.72,3.82,3.32,1.87
2016-02-11,3.65,3.75,3.25,1.63
2016-02-18,3.65,3.75,3.25,1.75
2016-02-25,3.62,3.72,3.22,1.71
2016-03-03,3.64,3.74,3.24,1.83
2016-03-10,3.68,3.78,3.28,1.93
2016-03-17,3.73,3.83,3.33,1.91
2016-03-24,3.71,3.81,3.31,1.91
2016-03-31,3.71,3.81,3.31,1.78
2016-04-07,3.59,3.69,3.19,1.70
2016-04-14,3.58,3.68,3.18,1.80
2016-04-21,3.59,3.69,3.19,1.88
2016-04-28,3.66,3.76,3.26,1.84
2016-05-05,3.61,3.71,3.21,1.76
2016-05-12,3.57,3.67,3.17,1.75
2016-05-19,3.58,3.68,3.18,1.85
2016-05-26,3.64,3.74,3.24,1.83
2016-06-02,3.66,3.76,3.26,1.81
2016-06-09,3.60,3.7,3.2,1.68
2016-06-16,3.54,3.64,3.14,1.57
2016-06-23,3.56,3.66,3.16,1.74
2016-06-30,3.48,3.58,3.08,1.49
2016-07-07,3.41,3.51,3.01,1.40
2016-07-14,3.42,3.52,3.02,1.53
2016-07-21,3.45,3.55,3.05,1.57
2016-07-28,3.48,3.58,3.08,1.52
2016-08-04,3.43,3.53,3.03,1.51
2016-08-11,3.45,3.55,3.05,1.57
2016-08-18,3.43,3.53,3.03,1.53
2016-08-25,3.43,3.53,3.03,1.58
2016-09-01,3.46,3.56,3.06,1.57
2016-09-08,3.44,3.54,3.04,1.61
2016-09-15,3.50,3.6,3.1,1.71
2016-09-22,3.48,3.58,3.08,1.63
2016-09-29,3.42,3.52,3.02,1.56
2016-10-06,3.42,3.52,3.02,1.75
2016-10-13,3.47,3.57,3.07,1.75
2016-10-20,3.52,3.62,3.12,1.76
2016-10-27,3.47,3.57,3.07,1.85
2016-11-03,3.54,3.64,3.14,1.82
2016-11-10,3.57,3.67,3.17,2.15
2016-11-17,3.94,4.04,3.54,2.29
2016-11-23,4.03,4.13,3.63,2.36
2016-12-01,4.08,4.18,3.68,2.45
2016-12-08,4.13,4.23,3.73,2.40
2016-12-15,4.16,4.26,3.76,2.60
2016-12-22,4.30,4.4,3.9,2.55
2016-12-29,4.32,4.42,3.92,2.49
2017-01-05,4.20,4.3,3.8,2.37
2017-01-12,4.12,4.22,3.72,2.36
2017-01-19,4.09,4.19,3.69,2.47
2017-01-26,4.19,4.29,3.79,2.51
2017-02-02,4.19,4.29,3.79,2.48
2017-02-09,4.17,4.27,3.77,2.40
2017-02-16,4.15,4.25,3.75,2.45
2017-02-23,4.16,4.26,3.76,2.38
2017-03-02,4.10,4.2,3.7,2.49
2017-03-09,4.21,4.31,3.81,2.60
2017-03-16,4.30,4.4,3.9,2.53
2017-03-23,4.23,4.33,3.83,2.41
2017-03-30,4.14,4.24,3.74,2.42
2017-04-06,4.10,4.2,3.7,2.34
2017-04-13,4.08,4.18,3.68,2.24
2017-04-20,3.97,4.07,3.57,2.24
2017-04-27,4.03,4.13,3.63,2.30
2017-05-04,4.02,4.12,3.62,2.36
2017-05-11,4.05,4.15,3.65,2.39
2017-05-18,4.02,4.12,3.62,2.23
2017-05-25,3.95,4.05,3.55,2.25
2017-06-01,3.94,4.04,3.54,2.21
2017-06-08,3.89,3.99,3.49,2.19
2017-06-15,3.91,4.01,3.51,2.16
2017-06-22,3.90,4,3.5,2.15
2017-06-29,3.88,3.98,3.48,2.27
2017-07-06,3.96,4.06,3.56,2.37
2017-07-13,4.03,4.13,3.63,2.35
2017-07-20,3.96,4.06,3.56,2.27
2017-07-27,3.92,4.02,3.52,2.32
2017-08-03,3.93,4.03,3.53,2.24
2017-08-10,3.90,4,3.5,2.20
2017-08-17,3.89,3.99,3.49,2.19
2017-08-24,3.86,3.96,3.46,2.19
2017-08-31,3.82,3.92,3.42,2.12
2017-09-07,3.78,3.88,3.38,2.05
2017-09-14,3.78,3.88,3.38,2.20
2017-09-21,3.83,3.93,3.43,2.27
2017-09-28,3.83,3.93,3.43,2.31
2017-10-05,3.85,3.95,3.45,2.35
2017-10-12,3.91,4.01,3.51,2.33
2017-10-19,3.88,3.98,3.48,2.33
2017-10-26,3.94,4.04,3.54,2.46
2017-11-02,3.94,4.04,3.54,2.35
2017-11-09,3.9,4,3.5,2.33
2017-11-16,3.95,4.05,3.55,2.37
2017-11-22,3.92,4.02,3.52,2.32
2017-11-30,3.9,4,3.5,2.42
2017-12-07,3.94,4.04,3.54,2.37
2017-12-14,3.93,4.03,3.53,2.35
2017-12-21,3.94,4.04,3.54,2.48
2017-12-28,3.99,4.09,3.59,2.43
2018-01-04,3.95,4.05,3.55,2.46
2018-01-11,3.99,4.09,3.59,2.54
2018-01-18,4.04,4.14,3.64,2.62
2018-01-25,4.15,4.25,3.75,2.63
2018-02-01,4.22,4.32,3.82,2.78
2018-02-08,4.32,4.42,3.92,2.85
2018-02-15,4.38,4.48,3.98,2.90
2018-02-22,4.4,4.5,4,2.92
2018-03-01,4.43,4.53,4.03,2.81
2018-03-08,4.46,4.56,4.06,2.86
2018-03-15,4.44,4.54,4.04,2.82
2018-03-22,4.45,4.55,4.05,2.83
2018-03-29,4.44,4.54,4.04,2.74
2018-04-05,4.4,4.5,4,2.83
2018-04-12,4.42,4.52,4.02,2.83
2018-04-19,4.47,4.57,4.07,2.92
2018-04-26,4.58,4.68,4.18,3.00
2018-05-03,4.55,4.65,4.15,2.94
2018-05-10,4.55,4.65,4.15,2.97
2018-05-17,4.61,4.71,4.21,3.11
2018-05-24,4.66,4.76,4.26,2.98
2018-05-31,4.56,4.66,4.16,2.83
2018-06-07,4.54,4.64,4.14,2.93
2018-06-14,4.62,4.72,4.22,2.94
2018-06-21,4.57,4.67,4.17,2.90
2018-06-28,4.55,4.65,4.15,2.84
2018-07-05,4.52,4.62,4.12,2.84
2018-07-12,4.53,4.63,4.13,2.85
2018-07-19,4.52,4.62,4.12,2.84
2018-07-26,4.54,4.64,4.14,2.98
2018-08-02,4.6,4.7,4.2,2.98
2018-08-09,4.59,4.69,4.19,2.93
2018-08-16,4.53,4.63,4.13,2.87
2018-08-23,4.51,4.61,4.11,2.82
2018-08-30,4.52,4.62,4.12,2.86
2018-09-06,4.54,4.64,4.14,2.88
2018-09-13,4.6,4.7,4.2,2.97
2018-09-20,4.65,4.75,4.25,3.07
2018-09-27,4.72,4.82,4.32,3.06
2018-10-04,4.71,4.81,4.31,3.19
2018-10-11,4.9,5,4.5,3.14
2018-10-18,4.85,4.95,4.45,3.17
2018-10-25,4.86,4.96,4.46,3.14
2018-11-01,4.83,4.93,4.43,3.14
2018-11-08,4.94,5.04,4.54,3.24
2018-11-15,4.94,5.04,4.54,3.11
2018-11-21,4.81,4.91,4.41,3.06
2018-11-29,4.81,4.91,4.41,3.03
2018-12-06,4.75,4.85,4.35,2.87
2018-12-13,4.63,4.73,4.23,2.91
2018-12-20,4.62,4.72,4.22,2.79
2018-12-27,4.55,4.65,4.15,2.77
2019-01-03,4.51,4.61,4.11,2.56
2019-01-10,4.45,4.55,4.05,2.74
2019-01-17,4.45,4.55,4.05,2.75
2019-01-24,4.45,4.55,4.05,2.72
2019-01-31,4.46,4.56,4.06,2.63
2019-02-07,4.41,4.51,4.01,2.65
2019-02-14,4.37,4.47,3.97,2.66
2019-02-21,4.35,4.45,3.95,2.69
2019-02-28,4.35,4.45,3.95,2.73
2019-03-07,4.41,4.51,4.01,2.64
2019-03-14,4.31,4.41,3.91,2.63
2019-03-21,4.28,4.38,3.88,2.54
2019-03-28,4.06,4.16,3.66,2.39
2019-04-04,4.08,4.18,3.68,2.51
2019-04-11,4.12,4.22,3.72,2.51
2019-04-18,4.17,4.27,3.77,2.57
2019-04-25,4.2,4.3,3.8,2.54
2019-05-02,4.14,4.24,3.74,2.55
2019-05-09,4.1,4.2,3.7,2.45
2019-05-16,4.07,4.17,3.67,2.40
2019-05-23,4.06,4.16,3.66,2.31
2019-05-30,3.99,4.09,3.59,2.22
2019-06-06,3.82,3.92,3.42,2.12
2019-06-13,3.82,3.92,3.42,2.10
2019-06-20,3.84,3.94,3.44,2.01
2019-06-27,3.73,3.83,3.33,2.01
2019-07-03,3.75,3.85,3.35,1.96
2019-07-11,3.75,3.85,3.35,2.13
2019-07-18,3.81,3.91,3.41,2.04
2019-07-25,3.75,3.85,3.35,2.08
2019-08-01,3.75,3.85,3.35,1.90
2019-08-08,3.6,3.7,3.2,1.72
2019-08-15,3.6,3.7,3.2,1.52
2019-08-22,3.55,3.65,3.15,1.62
2019-08-29,3.58,3.68,3.18,1.50
2019-09-05,3.49,3.59,3.09,1.57
2019-09-12,3.56,3.66,3.16,1.79
2019-09-19,3.73,3.83,3.33,1.79
2019-09-26,3.64,3.74,3.24,1.70
2019-10-03,3.65,3.75,3.25,1.54
2019-10-10,3.57,3.67,3.17,1.67
2019-10-17,3.69,3.79,3.29,1.76
2019-10-24,3.75,3.85,3.35,1.77
2019-10-31,3.78,3.88,3.38,1.69
2019-11-07,3.69,3.79,3.29,1.92
2019-11-14,3.75,3.85,3.35,1.82
2019-11-21,3.66,3.76,3.26,1.77
2019-11-27,3.68,3.78,3.28,1.77
2019-12-05,3.68,3.78,3.28,1.80
2019-12-12,3.73,3.83,3.33,1.90
2019-12-19,3.73,3.83,3.33,1.92
2019-12-26,3.74,3.84,3.34,1.90
2020-01-02,3.72,3.82,3.32,1.88
2020-01-09,3.64,3.74,3.24,1.85
2020-01-16,3.65,3.75,3.25,1.81
2020-01-23,3.6,3.7,3.2,1.74
2020-01-30,3.51,3.61,3.11,1.57
2020-02-06,3.45,3.55,3.05,1.65
2020-02-13,3.47,3.57,3.07,1.61
2020-02-20,3.49,3.59,3.09,1.52
2020-02-27,3.45,3.55,3.05,1.30
2020-03-05,3.29,3.39,2.89,0.92
2020-03-12,3.36,3.46,2.96,0.88
2020-03-19,3.65,3.75,3.25,1.12
2020-03-26,3.5,3.6,3.1,0.83
2020-04-02,3.33,3.43,2.93,0.63
2020-04-09,3.33,3.43,2.93,0.73
2020-04-16,3.31,3.41,2.91,0.61
2020-04-23,3.33,3.43,2.93,0.61
2020-04-30,3.23,3.33,2.83,0.64
2020-05-07,3.26,3.36,2.86,0.63
2020-05-14,3.28,3.38,2.88,0.63
2020-05-21,3.24,3.34,2.84,0.68
2020-05-28,3.15,3.25,2.75,0.70
2020-06-04,3.18,3.28,2.78,0.82
2020-06-11,3.21,3.31,2.81,0.66
2020-06-18,3.13,3.23,2.73,0.71
2020-06-25,3.13,3.23,2.73,0.68
2020-07-02,3.07,3.17,2.67,0.68
2020-07-09,3.03,3.13,2.63,0.62
2020-07-16,2.98,3.08,2.58,0.62
2020-07-23,3.01,3.11,2.61,0.59
2020-07-30,2.99,3.09,2.59,0.55
2020-08-06,2.88,2.98,2.48,0.55
2020-08-13,2.96,3.06,2.56,0.71
2020-08-20,2.99,3.09,2.59,0.65
2020-08-27,2.91,3.01,2.51,0.74
2020-09-03,2.93,3.03,2.53,0.63
2020-09-10,2.86,2.96,2.46,0.68
2020-09-17,2.87,2.97,2.47,0.69
2020-09-24,2.9,3,2.5,0.67
2020-10-01,2.88,2.98,2.48,0.68
2020-10-08,2.87,2.97,2.47,0.78
2020-10-15,2.81,2.91,2.41,0.74
2020-10-22,2.8,2.9,2.4,0.87
2020-10-29,2.81,2.91,2.41,0.85
2020-11-05,2.78,2.88,2.38,0.79
2020-11-12,2.84,2.94,2.44,0.88
2020-11-19,2.72,2.82,2.32,0.86
2020-11-25,2.72,2.82,2.32,0.88
2020-12-03,2.71,2.81,2.31,0.92
2020-12-10,2.71,2.81,2.31,0.92
2020-12-17,2.67,2.77,2.27,0.94
2020-12-24,2.66,2.76,2.26,0.94
2020-12-31,2.67,2.77,2.27,0.93
2021-01-07,2.65,2.75,2.25,1.08
2021-01-14,2.79,2.89,2.39,1.15
2021-01-21,2.77,2.87,2.37,1.12
2021-01-28,2.73,2.83,2.33,1.07
2021-02-04,2.73,2.83,2.33,1.15
2021-02-11,2.73,2.83,2.33,1.16
2021-02-18,2.81,2.91,2.41,1.29
2021-02-25,2.97,3.07,2.57,1.54
2021-03-04,3.02,3.12,2.62,1.54
2021-03-11,3.05,3.15,2.65,1.54
2021-03-18,3.09,3.19,2.69,1.71
2021-03-25,3.17,3.27,2.77,1.63
2021-04-01,3.18,3.28,2.78,1.69
2021-04-08,3.13,3.23,2.73,1.64
2021-04-15,3.04,3.14,2.64,1.56
2021-04-22,2.97,3.07,2.57,1.57
2021-04-29,2.98,3.08,2.58,1.65
2021-05-06,2.96,3.06,2.56,1.58
2021-05-13,2.94,3.04,2.54,1.66
2021-05-20,3.0,3.1,2.6,1.63
2021-05-27,2.95,3.05,2.55,1.61
2021-06-03,2.99,3.09,2.59,1.63
2021-06-10,2.96,3.06,2.56,1.45
2021-06-17,2.93,3.03,2.53,1.52
2021-06-24,3.02,3.12,2.62,1.49
2021-07-01,2.98,3.08,2.58,1.48
2021-07-08,2.9,3,2.5,1.30
2021-07-15,2.88,2.98,2.48,1.31
2021-07-22,2.78,2.88,2.38,1.27
2021-07-29,2.8,2.9,2.4,1.28
2021-08-05,2.77,2.87,2.37,1.23
2021-08-12,2.87,2.97,2.47,1.36
2021-08-19,2.86,2.96,2.46,1.24
2021-08-26,2.87,2.97,2.47,1.34
2021-09-02,2.87,2.97,2.47,1.29
2021-09-09,2.88,2.98,2.48,1.30
2021-09-16,2.86,2.96,2.46,1.34
2021-09-23,2.88,2.98,2.48,1.41
2021-09-30,3.01,3.11,2.61,1.52
2021-10-07,2.99,3.09,2.59,1.58
2021-10-14,3.05,3.15,2.65,1.52
2021-10-21,3.09,3.19,2.69,1.68
2021-10-28,3.14,3.24,2.74,1.57
2021-11-04,3.09,3.19,2.69,1.53
2021-11-10,2.98,3.08,2.58,1.56
2021-11-18,3.1,3.2,2.7,1.59
2021-11-24,3.1,3.2,2.7,1.64
2021-12-02,3.11,3.21,2.71,1.44
2021-12-09,3.1,3.2,2.7,1.49
2021-12-16,3.12,3.22,2.72,1.44
2021-12-23,3.05,3.15,2.65,1.50
2021-12-30,3.11,3.21,2.71,1.52
2022-01-06,3.22,3.32,2.82,1.73
2022-01-13,3.45,3.55,3.05,1.70
2022-01-20,3.56,3.66,3.16,1.83
2022-01-27,3.55,3.65,3.15,1.81
2022-02-03,3.55,3.65,3.15,1.82
2022-02-10,3.69,3.79,3.29,2.03
2022-02-17,3.92,4.02,3.52,1.97
2022-02-24,3.89,3.99,3.49,1.96
2022-03-03,3.76,3.86,3.36,1.86
2022-03-10,3.85,3.95,3.45,1.98
2022-03-17,4.16,4.26,3.76,2.20
2022-03-24,4.42,4.52,4.02,2.34
2022-03-31,4.67,4.77,4.27,2.32
2022-04-07,4.72,4.82,4.32,2.66
2022-04-14,5.0,5.1,4.6,2.83
2022-04-21,5.11,5.21,4.71,2.90
2022-04-28,5.1,5.2,4.7,2.85
2022-05-05,5.27,5.37,4.87,3.05
2022-05-12,5.3,5.4,4.9,2.84
2022-05-19,5.25,5.35,4.85,2.84
2022-05-26,5.1,5.2,4.7,2.75
2022-06-02,5.09,5.19,4.69,2.92
2022-06-09,5.23,5.33,4.83,3.04
2022-06-16,5.78,5.88,5.38,3.28
2022-06-23,5.81,5.91,5.41,3.09
2022-06-30,5.7,5.8,5.3,2.98
2022-07-07,5.3,5.4,4.9,3.01
2022-07-14,5.51,5.61,5.11,2.96
2022-07-21,5.54,5.64,5.14,2.91
2022-07-28,5.3,5.4,4.9,2.68
2022-08-04,4.99,5.09,4.59,2.68
2022-08-11,5.22,5.32,4.82,2.87
2022-08-18,5.13,5.23,4.73,2.88
2022-08-25,5.55,5.65,5.15,3.03
2022-09-01,5.66,5.76,5.26,3.26
2022-09-08,5.89,5.99,5.49,3.29
2022-09-15,6.02,6.12,5.62,3.45
2022-09-22,6.29,6.39,5.89,3.70
2022-09-29,6.7,6.8,6.3,3.76
2022-10-06,6.66,6.76,6.26,3.83
2022-10-13,6.92,7.02,6.52,3.97
2022-10-20,6.94,7.04,6.54,4.24
2022-10-27,7.08,7.18,6.68,3.96
2022-11-03,6.95,7.05,6.55,4.14
2022-11-10,7.08,7.18,6.68,3.82
2022-11-17,6.61,6.71,6.21,3.77
2022-11-23,6.58,6.68,6.18,3.71
2022-12-01,6.49,6.59,6.09,3.53
2022-12-08,6.33,6.43,5.93,3.48
2022-12-15,6.31,6.41,5.91,3.44
2022-12-22,6.27,6.37,5.87,3.67
2022-12-29,6.42,6.52,6.02,3.83
2023-01-05,6.48,6.58,6.08,3.71
2023-01-12,6.33,6.43,5.93,3.43
2023-01-19,6.15,6.25,5.75,3.39
2023-01-26,6.13,6.23,5.73,3.49
2023-02-02,6.09,6.19,5.69,3.40
2023-02-09,6.12,6.22,5.72,3.67
2023-02-16,6.32,6.42,5.92,3.86
2023-02-23,6.5,6.6,6.1,3.88
2023-03-02,6.65,6.75,6.25,4.08
2023-03-09,6.73,6.83,6.33,3.93
2023-03-16,6.6,6.7,6.2,3.56
2023-03-23,6.42,6.52,6.02,3.38
2023-03-30,6.32,6.42,5.92,3.55
2023-04-06,6.28,6.38,5.88,3.30
2023-04-13,6.27,6.37,5.87,3.45
2023-04-20,6.39,6.49,5.99,3.54
2023-04-27,6.43,6.53,6.03,3.53
2023-05-04,6.39,6.49,5.99,3.37
2023-05-11,6.35,6.45,5.95,3.39
2023-05-18,6.39,6.49,5.99,3.65
2023-05-25,6.57,6.67,6.17,3.83
2023-06-01,6.79,6.89,6.39,3.61
2023-06-08,6.71,6.81,6.31,3.73
2023-06-15,6.69,6.79,6.29,3.72
2023-06-22,6.67,6.77,6.27,3.80
2023-06-29,6.71,6.81,6.31,3.85
2023-07-06,6.81,6.91,6.41,4.05
2023-07-13,6.96,7.06,6.56,3.76
2023-07-20,6.78,6.88,6.38,3.85
2023-07-27,6.81,6.91,6.41,4.01
2023-08-03,6.9,7,6.5,4.20
2023-08-10,6.96,7.06,6.56,4.09
2023-08-17,7.09,7.19,6.69,4.30
2023-08-24,7.23,7.33,6.83,4.23
2023-08-31,7.18,7.28,6.78,4.09
2023-09-07,7.12,7.22,6.72,4.27
2023-09-14,7.18,7.28,6.78,4.29
2023-09-21,7.19,7.29,6.79,4.49
2023-09-28,7.31,7.41,6.91,4.59
2023-10-05,7.49,7.59,7.09,4.72
2023-10-12,7.57,7.67,7.17,4.70
2023-10-19,7.63,7.73,7.23,4.98
2023-10-26,7.79,7.89,7.39,4.86
2023-11-02,7.76,7.86,7.36,4.67
2023-11-09,7.5,7.6,7.1,4.62
2023-11-16,7.44,7.54,7.04,4.45
2023-11-22,7.29,7.39,6.89,4.42
2023-11-30,7.22,7.32,6.82,4.37
2023-12-07,7.03,7.13,6.63,4.14
2023-12-14,6.95,7.05,6.55,3.92
2023-12-21,6.67,6.77,6.27,3.89
2023-12-28,6.61,6.71,6.21,3.84
2024-01-04,6.62,6.72,6.22,3.99
2024-01-11,6.66,6.76,6.26,3.98
2024-01-18,6.6,6.7,6.2,4.14
2024-01-25,6.69,6.79,6.29,4.14
2024-02-01,6.63,6.73,6.23,3.87
2024-02-08,6.64,6.74,6.24,4.15
2024-02-15,6.77,6.87,6.37,4.24
2024-02-22,6.9,7,6.5,4.33
2024-02-29,6.94,7.04,6.54,4.25
2024-03-07,6.88,6.98,6.48,4.09
2024-03-14,6.74,6.84,6.34,4.29
2024-03-21,6.87,6.97,6.47,4.27
2024-03-28,6.79,6.89,6.39,4.2
2024-04-04,6.82,6.92,6.42,4.31
2024-04-11,6.88,6.98,6.48,4.56
2024-04-18,7.1,7.2,6.7,4.64
2024-04-25,7.17,7.27,6.77,4.7
2024-05-02,7.22,7.32,6.82,4.58
2024-05-09,7.09,7.19,6.69,4.45
2024-05-16,7.02,7.12,6.62,4.38
2024-05-23,6.94,7.04,6.54,4.47
2024-05-30,7.03,7.13,6.63,4.55
2024-06-06,6.99,7.09,6.59,4.28
2024-06-13,6.95,7.05,6.55,4.24
2024-06-20,6.87,6.97,6.47,4.25
2024-06-27,6.86,6.96,6.46,4.29
2024-07-03,6.95,7.05,6.55,4.36
2024-07-11,6.89,6.99,6.49,4.2
2024-07-18,6.77,6.87,6.37,4.2
2024-07-25,6.78,6.88,6.38,4.27
2024-08-01,6.73,6.83,6.33,3.99
2024-08-08,6.47,6.57,6.07,3.99
2024-08-15,6.49,6.59,6.09,3.92
2024-08-22,6.46,6.56,6.06,3.86
2024-08-29,6.35,6.45,5.95,3.87
2024-09-05,6.35,6.45,5.95,3.73
2024-09-12,6.2,6.3,5.8,3.68
2024-09-19,6.09,6.19,5.69,3.73
